timestamp,eda_level_real
2025-07-27T12:50:00.000+05:30,0.1
2025-07-27T12:51:00.000+05:30,0.1
2025-07-27T12:52:00.000+05:30,0.1
2025-07-27T12:53:00.000+05:30,0.1
2025-07-27T12:54:00.000+05:30,0.1
2025-07-27T12:55:00.000+05:30,0.1
2025-07-27T12:56:00.000+05:30,0.1
2025-07-27T12:57:00.000+05:30,0.1
2025-07-27T12:58:00.000+05:30,0.1
2025-07-27T12:59:00.000+05:30,0.1
2025-07-27T13:00:00.000+05:30,0.1
2025-07-27T13:01:00.000+05:30,0.1
2025-07-27T13:02:00.000+05:30,0.1
2025-07-27T13:03:00.000+05:30,0.1
2025-07-27T13:04:00.000+05:30,0.1
2025-07-27T13:05:01.000+05:30,0.1
2025-07-27T13:06:00.000+05:30,0.1
2025-07-27T13:07:00.000+05:30,0.1
2025-07-27T13:08:00.000+05:30,0.1
2025-07-27T13:29:00.000+05:30,0.1
2025-07-27T13:30:00.000+05:30,0.1
2025-07-27T13:31:00.000+05:30,0.11
2025-07-27T13:32:00.000+05:30,0.11
2025-07-27T13:33:00.000+05:30,0.11
2025-07-27T13:34:00.000+05:30,0.11
2025-07-27T13:35:00.000+05:30,0.11
2025-07-27T13:36:00.000+05:30,0.11
2025-07-27T13:37:00.000+05:30,0.11
2025-07-27T13:38:00.000+05:30,0.11
2025-07-27T13:39:00.000+05:30,0.11
2025-07-27T13:40:00.000+05:30,0.11
2025-07-27T13:41:00.000+05:30,0.11
2025-07-27T16:49:00.000+05:30,0.12
2025-07-27T16:50:00.000+05:30,0.12
2025-07-27T16:51:00.000+05:30,0.12
2025-07-27T16:52:00.000+05:30,0.12
2025-07-27T16:53:00.000+05:30,0.12
2025-07-27T16:54:00.000+05:30,0.12
2025-07-27T16:55:00.000+05:30,0.12
2025-07-27T16:56:00.000+05:30,0.12
2025-07-27T16:57:00.000+05:30,0.12
2025-07-27T16:58:00.000+05:30,0.12
2025-07-27T16:59:00.000+05:30,0.12
2025-07-27T17:00:00.000+05:30,0.12
2025-07-27T17:01:00.000+05:30,0.12
2025-07-27T17:02:00.000+05:30,0.12
2025-07-27T17:03:00.000+05:30,0.12
2025-07-27T17:04:00.000+05:30,0.12
2025-07-27T17:05:00.000+05:30,0.12
2025-07-27T17:06:00.000+05:30,0.12
2025-07-27T17:07:00.000+05:30,0.12
2025-07-27T17:08:00.000+05:30,0.12
2025-07-27T17:09:00.000+05:30,0.12
2025-07-27T17:10:00.000+05:30,0.12
2025-07-27T17:11:00.000+05:30,0.12
2025-07-27T17:12:00.000+05:30,0.12
2025-07-27T17:13:00.000+05:30,0.12
2025-07-27T17:14:00.000+05:30,0.12
2025-07-27T17:15:00.000+05:30,0.12
2025-07-27T17:16:00.000+05:30,0.12
2025-07-27T17:17:00.000+05:30,0.12
2025-07-27T17:18:00.000+05:30,0.12
2025-07-27T17:19:00.000+05:30,0.12
2025-07-27T17:20:00.000+05:30,0.12
2025-07-27T17:21:00.000+05:30,0.12
2025-07-27T17:22:00.000+05:30,0.12
2025-07-27T17:23:00.000+05:30,0.12
2025-07-27T17:24:00.000+05:30,0.12
2025-07-27T17:25:00.000+05:30,0.12
2025-07-27T17:26:00.000+05:30,0.12
2025-07-27T17:27:00.000+05:30,0.12
2025-07-27T17:28:00.000+05:30,0.12
2025-07-27T17:29:00.000+05:30,0.12
2025-07-27T17:30:00.000+05:30,0.12
2025-07-27T17:31:00.000+05:30,0.12
2025-07-27T17:32:00.000+05:30,0.12
2025-07-27T17:33:00.000+05:30,0.12
2025-07-27T17:34:00.000+05:30,0.12
2025-07-27T17:35:00.000+05:30,0.12
2025-07-27T17:36:00.000+05:30,0.12
2025-07-27T17:37:00.000+05:30,0.12
2025-07-27T17:38:00.000+05:30,0.12
2025-07-27T17:39:00.000+05:30,0.12
2025-07-27T17:40:00.000+05:30,0.12
2025-07-27T17:41:00.000+05:30,0.12
2025-07-27T17:42:00.000+05:30,0.12
2025-07-27T17:43:00.000+05:30,0.12
2025-07-27T17:44:00.000+05:30,0.12
2025-07-27T17:45:00.000+05:30,0.12
2025-07-27T17:46:00.000+05:30,0.12
2025-07-27T17:47:00.000+05:30,0.12
2025-07-27T17:48:00.000+05:30,0.12
2025-07-27T17:49:00.000+05:30,0.12
2025-07-27T17:50:00.000+05:30,0.12
2025-07-27T17:51:01.000+05:30,0.12
2025-07-27T17:52:00.000+05:30,0.12
2025-07-27T17:53:00.000+05:30,0.12
2025-07-27T17:54:00.000+05:30,0.12
2025-07-27T17:55:00.000+05:30,0.12
2025-07-27T17:56:00.000+05:30,0.12
2025-07-27T17:57:00.000+05:30,0.12
2025-07-27T17:58:00.000+05:30,0.12
2025-07-27T17:59:00.000+05:30,0.12
2025-07-27T18:00:00.000+05:30,0.12
2025-07-27T18:01:00.000+05:30,0.12
2025-07-27T18:02:00.000+05:30,0.13
2025-07-27T18:03:00.000+05:30,0.13
2025-07-27T18:04:00.000+05:30,0.13
2025-07-27T18:05:00.000+05:30,0.13
2025-07-27T18:06:00.000+05:30,0.13
2025-07-27T18:07:00.000+05:30,0.13
2025-07-27T18:08:00.000+05:30,0.13
2025-07-27T18:09:00.000+05:30,0.13
2025-07-27T18:10:00.000+05:30,0.13
2025-07-27T18:11:00.000+05:30,0.13
2025-07-27T18:12:00.000+05:30,0.13
2025-07-27T18:13:00.000+05:30,0.13
2025-07-27T18:14:00.000+05:30,0.13
2025-07-27T18:15:00.000+05:30,0.13
2025-07-27T18:16:00.000+05:30,0.13
2025-07-27T18:17:00.000+05:30,0.13
2025-07-27T18:18:00.000+05:30,0.13
2025-07-27T18:19:00.000+05:30,0.13
2025-07-27T18:20:00.000+05:30,0.13
2025-07-27T18:21:00.000+05:30,0.13
2025-07-27T18:22:00.000+05:30,0.13
2025-07-27T18:23:00.000+05:30,0.13
2025-07-27T18:24:00.000+05:30,0.13
2025-07-27T18:25:00.000+05:30,0.13
2025-07-27T18:26:00.000+05:30,0.13
2025-07-27T18:27:00.000+05:30,0.13
2025-07-27T18:28:00.000+05:30,0.13
2025-07-27T18:29:00.000+05:30,0.13
2025-07-27T18:30:00.000+05:30,0.13
2025-07-27T18:31:00.000+05:30,0.13
2025-07-27T18:32:00.000+05:30,0.13
2025-07-27T18:33:00.000+05:30,0.13
2025-07-27T18:34:00.000+05:30,0.13
2025-07-27T18:35:00.000+05:30,0.13
2025-07-27T18:36:00.000+05:30,0.13
2025-07-27T18:37:00.000+05:30,0.13
2025-07-27T18:38:00.000+05:30,0.13
2025-07-27T18:39:00.000+05:30,0.13
2025-07-27T18:40:00.000+05:30,0.13
2025-07-27T18:41:00.000+05:30,0.13
2025-07-27T18:42:00.000+05:30,0.13
2025-07-27T18:43:00.000+05:30,0.13
2025-07-27T18:44:00.000+05:30,0.14
2025-07-27T18:45:00.000+05:30,0.14
2025-07-27T18:46:00.000+05:30,0.14
2025-07-27T18:47:00.000+05:30,0.14
2025-07-27T18:48:00.000+05:30,0.14
2025-07-27T18:49:00.000+05:30,0.14
2025-07-27T18:50:01.000+05:30,0.14
2025-07-27T18:51:00.000+05:30,0.14
2025-07-27T18:52:00.000+05:30,0.14
2025-07-27T18:53:00.000+05:30,0.14
2025-07-27T18:54:00.000+05:30,0.14
2025-07-27T18:55:00.000+05:30,0.14
2025-07-27T18:56:00.000+05:30,0.14
2025-07-27T18:57:00.000+05:30,0.14
2025-07-27T18:58:00.000+05:30,0.14
2025-07-27T18:59:00.000+05:30,0.14
2025-07-27T19:00:00.000+05:30,0.14
2025-07-27T19:01:00.000+05:30,0.14
2025-07-27T19:02:00.000+05:30,0.14
2025-07-27T19:03:00.000+05:30,0.14
2025-07-27T19:04:00.000+05:30,0.14
2025-07-27T19:05:00.000+05:30,0.14
2025-07-27T19:06:00.000+05:30,0.14
2025-07-27T19:07:00.000+05:30,0.14
2025-07-27T19:08:00.000+05:30,0.14
2025-07-27T19:09:00.000+05:30,0.14
2025-07-27T19:10:00.000+05:30,0.14
2025-07-27T19:11:00.000+05:30,0.14
2025-07-27T19:12:00.000+05:30,0.14
2025-07-27T19:13:00.000+05:30,0.14
2025-07-27T19:14:00.000+05:30,0.14
2025-07-27T19:15:00.000+05:30,0.14
2025-07-27T19:16:00.000+05:30,0.14
2025-07-27T19:17:00.000+05:30,0.14
2025-07-27T19:18:00.000+05:30,0.14
2025-07-27T19:19:00.000+05:30,0.14
2025-07-27T19:20:00.000+05:30,0.14
2025-07-27T19:21:00.000+05:30,0.14
2025-07-27T19:22:00.000+05:30,0.14
2025-07-27T19:23:00.000+05:30,0.15
2025-07-27T19:24:00.000+05:30,0.15
2025-07-27T19:25:00.000+05:30,0.15
2025-07-27T19:26:00.000+05:30,0.15
2025-07-27T19:27:00.000+05:30,0.15
2025-07-27T19:28:00.000+05:30,0.15
2025-07-27T19:29:00.000+05:30,0.15
2025-07-27T19:30:00.000+05:30,0.15
2025-07-27T19:31:00.000+05:30,0.15
2025-07-27T19:32:00.000+05:30,0.15
2025-07-27T19:33:00.000+05:30,0.15
2025-07-27T19:34:00.000+05:30,0.15
2025-07-27T19:35:00.000+05:30,0.15
2025-07-27T19:36:00.000+05:30,0.15
2025-07-27T19:37:00.000+05:30,0.15
2025-07-27T19:38:00.000+05:30,0.15
2025-07-27T19:39:00.000+05:30,0.15
2025-07-27T19:40:00.000+05:30,0.15
2025-07-27T19:41:00.000+05:30,0.15
2025-07-27T19:42:00.000+05:30,0.15
2025-07-27T19:43:00.000+05:30,0.15
2025-07-27T19:44:00.000+05:30,0.15
2025-07-27T19:45:00.000+05:30,0.15
2025-07-27T19:46:00.000+05:30,0.15
2025-07-27T19:47:00.000+05:30,0.15
2025-07-27T19:48:00.000+05:30,0.15
2025-07-27T19:49:00.000+05:30,0.15
2025-07-27T19:50:00.000+05:30,0.15
2025-07-27T19:51:00.000+05:30,0.15
2025-07-27T19:52:00.000+05:30,0.15
2025-07-27T19:53:00.000+05:30,0.16
2025-07-27T19:54:00.000+05:30,0.16
2025-07-27T19:55:00.000+05:30,0.16
2025-07-27T19:56:00.000+05:30,0.16
2025-07-27T19:57:00.000+05:30,0.16
2025-07-27T19:58:00.000+05:30,0.16
2025-07-27T19:59:00.000+05:30,0.16
2025-07-27T20:00:00.000+05:30,0.16
2025-07-27T20:01:00.000+05:30,0.16
2025-07-27T20:02:00.000+05:30,0.16
2025-07-27T20:03:00.000+05:30,0.16
2025-07-27T20:04:00.000+05:30,0.16
2025-07-27T20:05:00.000+05:30,0.16
2025-07-27T20:06:00.000+05:30,0.16
2025-07-27T20:07:00.000+05:30,0.16
2025-07-27T20:08:00.000+05:30,0.16
2025-07-27T20:09:00.000+05:30,0.16
2025-07-27T20:10:00.000+05:30,0.16
2025-07-27T20:11:00.000+05:30,0.16
2025-07-27T20:12:00.000+05:30,0.16
2025-07-27T20:13:00.000+05:30,0.16
2025-07-27T20:14:00.000+05:30,0.16
2025-07-27T20:15:00.000+05:30,0.16
2025-07-27T20:16:00.000+05:30,0.16
2025-07-27T20:17:00.000+05:30,0.16
2025-07-27T20:18:00.000+05:30,0.16
2025-07-27T20:19:00.000+05:30,0.16
2025-07-27T20:20:00.000+05:30,0.16
2025-07-27T20:21:00.000+05:30,0.16
2025-07-27T20:22:00.000+05:30,0.16
2025-07-27T20:23:00.000+05:30,0.16
2025-07-27T20:24:00.000+05:30,0.16
2025-07-27T20:25:00.000+05:30,0.16
2025-07-27T20:26:00.000+05:30,0.17
2025-07-27T20:27:00.000+05:30,0.17
2025-07-27T20:28:00.000+05:30,0.17
2025-07-27T20:29:00.000+05:30,0.17
2025-07-27T20:30:00.000+05:30,0.17
2025-07-27T20:31:00.000+05:30,0.17
2025-07-27T20:32:00.000+05:30,0.17
2025-07-27T20:33:00.000+05:30,0.17
2025-07-27T20:34:00.000+05:30,0.17
2025-07-27T20:35:00.000+05:30,0.17
2025-07-27T20:36:00.000+05:30,0.17
2025-07-27T20:37:00.000+05:30,0.17
2025-07-27T20:38:00.000+05:30,0.17
2025-07-27T20:39:00.000+05:30,0.17
2025-07-27T20:40:00.000+05:30,0.17
2025-07-27T20:41:00.000+05:30,0.17
2025-07-27T20:42:00.000+05:30,0.17
2025-07-27T20:43:00.000+05:30,0.17
2025-07-27T20:44:00.000+05:30,0.17
2025-07-27T20:45:00.000+05:30,0.17
2025-07-27T20:46:00.000+05:30,0.17
2025-07-27T20:47:00.000+05:30,0.17
2025-07-27T20:48:00.000+05:30,0.17
2025-07-27T20:49:00.000+05:30,0.17
2025-07-27T20:50:00.000+05:30,0.17
2025-07-27T20:51:00.000+05:30,0.17
2025-07-27T20:52:00.000+05:30,0.17
2025-07-27T20:53:00.000+05:30,0.17
2025-07-27T20:54:00.000+05:30,0.18
2025-07-27T20:55:00.000+05:30,0.18
2025-07-27T20:56:00.000+05:30,0.18
2025-07-27T20:57:00.000+05:30,0.18
2025-07-27T20:58:00.000+05:30,0.18
2025-07-27T20:59:00.000+05:30,0.18
2025-07-27T21:00:00.000+05:30,0.18
2025-07-27T21:01:00.000+05:30,0.18
2025-07-27T21:02:00.000+05:30,0.18
2025-07-27T21:03:00.000+05:30,0.18
2025-07-27T21:04:00.000+05:30,0.18
2025-07-27T21:05:00.000+05:30,0.18
2025-07-27T21:06:00.000+05:30,0.18
2025-07-27T21:07:00.000+05:30,0.18
2025-07-27T21:08:00.000+05:30,0.18
2025-07-27T21:09:00.000+05:30,0.18
2025-07-27T21:10:00.000+05:30,0.18
2025-07-27T21:11:00.000+05:30,0.18
2025-07-27T21:12:00.000+05:30,0.18
2025-07-27T21:13:00.000+05:30,0.18
2025-07-27T21:14:00.000+05:30,0.18
2025-07-27T21:15:00.000+05:30,0.18
2025-07-27T21:16:00.000+05:30,0.18
2025-07-27T21:17:00.000+05:30,0.18
2025-07-27T21:18:00.000+05:30,0.18
2025-07-27T21:19:00.000+05:30,0.18
2025-07-27T21:20:00.000+05:30,0.18
2025-07-27T21:21:00.000+05:30,0.18
2025-07-27T21:22:00.000+05:30,0.18
2025-07-27T21:23:00.000+05:30,0.18
2025-07-27T21:24:00.000+05:30,0.18
2025-07-27T21:25:00.000+05:30,0.19
2025-07-27T21:26:00.000+05:30,0.19
2025-07-27T21:27:00.000+05:30,0.19
2025-07-27T21:28:00.000+05:30,0.19
2025-07-27T21:29:00.000+05:30,0.19
2025-07-27T21:30:00.000+05:30,0.19
2025-07-27T21:31:00.000+05:30,0.19
2025-07-27T21:32:00.000+05:30,0.19
2025-07-27T21:33:00.000+05:30,0.19
2025-07-27T21:34:00.000+05:30,0.19
2025-07-27T21:35:00.000+05:30,0.19
2025-07-27T21:36:00.000+05:30,0.19
2025-07-27T21:37:00.000+05:30,0.19
2025-07-27T21:38:00.000+05:30,0.19
2025-07-27T21:39:00.000+05:30,0.19
2025-07-27T21:40:00.000+05:30,0.19
2025-07-27T21:41:00.000+05:30,0.19
2025-07-27T21:42:00.000+05:30,0.19
2025-07-27T21:43:00.000+05:30,0.19
2025-07-27T21:44:00.000+05:30,0.19
2025-07-27T21:45:00.000+05:30,0.19
2025-07-27T21:46:00.000+05:30,0.19
2025-07-27T21:47:00.000+05:30,0.19
2025-07-27T21:48:00.000+05:30,0.2
2025-07-27T21:49:00.000+05:30,0.2
2025-07-27T21:50:00.000+05:30,0.2
2025-07-27T21:51:00.000+05:30,0.2
2025-07-27T21:52:00.000+05:30,0.2
2025-07-27T21:53:00.000+05:30,0.2
2025-07-27T21:54:00.000+05:30,0.2
2025-07-27T21:55:00.000+05:30,0.2
2025-07-27T21:56:00.000+05:30,0.2
2025-07-27T21:57:00.000+05:30,0.2
2025-07-27T21:58:00.000+05:30,0.2
2025-07-27T21:59:00.000+05:30,0.2
2025-07-27T22:00:00.000+05:30,0.2
2025-07-27T22:01:00.000+05:30,0.2
2025-07-27T22:02:00.000+05:30,0.2
2025-07-27T22:03:00.000+05:30,0.2
2025-07-27T22:04:00.000+05:30,0.2
2025-07-27T22:05:00.000+05:30,0.2
2025-07-27T22:06:00.000+05:30,0.2
2025-07-27T22:07:00.000+05:30,0.2
2025-07-27T22:08:00.000+05:30,0.2
2025-07-27T22:09:00.000+05:30,0.2
2025-07-27T22:10:00.000+05:30,0.2
2025-07-27T22:11:00.000+05:30,0.2
2025-07-27T22:12:00.000+05:30,0.2
2025-07-27T22:13:00.000+05:30,0.2
2025-07-27T22:14:00.000+05:30,0.2
2025-07-27T22:15:00.000+05:30,0.2
2025-07-27T22:16:00.000+05:30,0.2
2025-07-27T22:17:00.000+05:30,0.2
2025-07-27T22:18:00.000+05:30,0.2
2025-07-27T22:36:00.000+05:30,0.21
2025-07-27T22:37:00.000+05:30,0.21
2025-07-27T22:38:00.000+05:30,0.21
2025-07-27T22:39:00.000+05:30,0.21
2025-07-27T22:40:00.000+05:30,0.21
2025-07-27T22:41:00.000+05:30,0.21
2025-07-27T22:42:00.000+05:30,0.21
2025-07-27T22:43:00.000+05:30,0.21
2025-07-27T22:44:00.000+05:30,0.21
2025-07-27T22:45:00.000+05:30,0.21
2025-07-27T22:46:00.000+05:30,0.21
2025-07-27T22:47:00.000+05:30,0.21
2025-07-27T22:48:00.000+05:30,0.21
2025-07-27T22:49:00.000+05:30,0.21
2025-07-27T22:50:00.000+05:30,0.21
2025-07-27T22:51:00.000+05:30,0.21
2025-07-27T22:52:00.000+05:30,0.21
2025-07-27T22:53:00.000+05:30,0.21
2025-07-27T22:54:00.000+05:30,0.21
2025-07-27T22:55:00.000+05:30,0.21
2025-07-27T22:56:00.000+05:30,0.21
2025-07-27T22:57:00.000+05:30,0.21
2025-07-27T22:58:00.000+05:30,0.21
2025-07-27T22:59:00.000+05:30,0.21
2025-07-27T23:00:00.000+05:30,0.21
2025-07-27T23:01:00.000+05:30,0.21
2025-07-27T23:02:00.000+05:30,0.21
2025-07-27T23:03:00.000+05:30,0.21
2025-07-27T23:04:00.000+05:30,0.21
2025-07-27T23:05:00.000+05:30,0.21
2025-07-27T23:06:00.000+05:30,0.21
2025-07-27T23:07:00.000+05:30,0.21
2025-07-27T23:08:00.000+05:30,0.21
2025-07-27T23:09:00.000+05:30,0.21
2025-07-27T23:10:00.000+05:30,0.21
2025-07-27T23:11:00.000+05:30,0.21
2025-07-27T23:12:00.000+05:30,0.21
2025-07-27T23:13:00.000+05:30,0.21
2025-07-27T23:14:00.000+05:30,0.21
2025-07-27T23:15:00.000+05:30,0.21
2025-07-27T23:16:00.000+05:30,0.21
2025-07-27T23:17:00.000+05:30,0.21
2025-07-27T23:18:00.000+05:30,0.21
2025-07-27T23:19:00.000+05:30,0.21
2025-07-27T23:20:00.000+05:30,0.21
2025-07-27T23:21:00.000+05:30,0.21
2025-07-27T23:22:00.000+05:30,0.21
2025-07-27T23:23:00.000+05:30,0.21
2025-07-27T23:24:00.000+05:30,0.21
2025-07-27T23:25:00.000+05:30,0.21
2025-07-27T23:26:00.000+05:30,0.21
2025-07-27T23:27:00.000+05:30,0.21
2025-07-27T23:28:00.000+05:30,0.21
2025-07-27T23:29:00.000+05:30,0.21
2025-07-27T23:30:00.000+05:30,0.21
2025-07-27T23:31:00.000+05:30,0.21
2025-07-27T23:32:00.000+05:30,0.21
2025-07-27T23:33:00.000+05:30,0.21
2025-07-27T23:34:00.000+05:30,0.22
2025-07-27T23:35:00.000+05:30,0.22
2025-07-27T23:36:00.000+05:30,0.22
2025-07-27T23:37:00.000+05:30,0.22
2025-07-27T23:38:00.000+05:30,0.22
2025-07-27T23:39:00.000+05:30,0.22
2025-07-27T23:40:00.000+05:30,0.22
2025-07-27T23:41:00.000+05:30,0.22
2025-07-27T23:42:00.000+05:30,0.22
2025-07-27T23:43:00.000+05:30,0.22
2025-07-27T23:44:00.000+05:30,0.22
2025-07-27T23:45:00.000+05:30,0.22
2025-07-27T23:46:00.000+05:30,0.22
2025-07-27T23:47:00.000+05:30,0.22
2025-07-27T23:48:00.000+05:30,0.22
2025-07-27T23:49:00.000+05:30,0.22
2025-07-27T23:50:00.000+05:30,0.22
2025-07-27T23:51:00.000+05:30,0.22
2025-07-27T23:52:00.000+05:30,0.22
2025-07-27T23:53:00.000+05:30,0.22
2025-07-27T23:54:00.000+05:30,0.22
2025-07-27T23:55:00.000+05:30,0.22
2025-07-27T23:56:00.000+05:30,0.22
2025-07-27T23:57:00.000+05:30,0.22
2025-07-27T23:58:00.000+05:30,0.22
2025-07-27T23:59:00.000+05:30,0.22
2025-07-28T00:00:00.000+05:30,0.22
2025-07-28T00:01:00.000+05:30,0.22
2025-07-28T00:02:00.000+05:30,0.22
2025-07-28T00:03:00.000+05:30,0.22
2025-07-28T00:04:00.000+05:30,0.22
2025-07-28T00:05:00.000+05:30,0.22
2025-07-28T00:06:00.000+05:30,0.22
2025-07-28T00:07:00.000+05:30,0.22
2025-07-28T00:08:01.000+05:30,0.22
2025-07-28T00:09:00.000+05:30,0.22
2025-07-28T00:10:00.000+05:30,0.22
2025-07-28T00:11:00.000+05:30,0.22
2025-07-28T00:12:00.000+05:30,0.22
2025-07-28T00:13:00.000+05:30,0.22
2025-07-28T00:14:00.000+05:30,0.22
2025-07-28T00:15:00.000+05:30,0.22
2025-07-28T00:16:00.000+05:30,0.22
2025-07-28T00:17:00.000+05:30,0.22
2025-07-28T00:18:00.000+05:30,0.22
2025-07-28T00:19:00.000+05:30,0.22
2025-07-28T00:20:00.000+05:30,0.22
2025-07-28T00:21:00.000+05:30,0.22
2025-07-28T00:22:00.000+05:30,0.22
2025-07-28T00:23:00.000+05:30,0.22
2025-07-28T00:24:00.000+05:30,0.22
2025-07-28T00:25:00.000+05:30,0.22
2025-07-28T00:26:00.000+05:30,0.22
2025-07-28T00:27:00.000+05:30,0.23
2025-07-28T00:28:00.000+05:30,0.23
2025-07-28T00:29:00.000+05:30,0.23
2025-07-28T00:30:00.000+05:30,0.23
2025-07-28T00:31:00.000+05:30,0.23
2025-07-28T00:32:00.000+05:30,0.23
2025-07-28T00:33:00.000+05:30,0.23
2025-07-28T00:34:00.000+05:30,0.23
2025-07-28T00:35:00.000+05:30,0.23
2025-07-28T00:36:00.000+05:30,0.23
2025-07-28T00:37:00.000+05:30,0.23
2025-07-28T00:38:00.000+05:30,0.23
2025-07-28T00:39:00.000+05:30,0.23
2025-07-28T00:40:00.000+05:30,0.23
2025-07-28T00:41:00.000+05:30,0.23
2025-07-28T00:42:00.000+05:30,0.23
2025-07-28T00:43:00.000+05:30,0.23
2025-07-28T00:44:00.000+05:30,0.23
2025-07-28T00:45:00.000+05:30,0.23
2025-07-28T00:46:00.000+05:30,0.23
2025-07-28T00:47:00.000+05:30,0.23
2025-07-28T00:48:00.000+05:30,0.23
2025-07-28T00:49:00.000+05:30,0.23
2025-07-28T00:50:00.000+05:30,0.23
2025-07-28T00:51:00.000+05:30,0.23
2025-07-28T00:52:00.000+05:30,0.23
2025-07-28T00:53:00.000+05:30,0.23
2025-07-28T00:54:00.000+05:30,0.23
2025-07-28T00:55:00.000+05:30,0.23
2025-07-28T00:56:00.000+05:30,0.23
2025-07-28T00:57:00.000+05:30,0.24
2025-07-28T00:58:00.000+05:30,0.24
2025-07-28T00:59:00.000+05:30,0.23
2025-07-28T01:00:00.000+05:30,0.23
2025-07-28T01:01:00.000+05:30,0.23
2025-07-28T01:02:00.000+05:30,0.23
2025-07-28T01:03:00.000+05:30,0.23
2025-07-28T01:04:00.000+05:30,0.23
2025-07-28T01:05:00.000+05:30,0.23
2025-07-28T19:21:00.000+05:30,0.11
2025-07-28T19:22:00.000+05:30,0.11
2025-07-28T19:23:00.000+05:30,0.11
2025-07-28T19:24:00.000+05:30,0.11
2025-07-28T19:25:00.000+05:30,0.11
2025-07-28T19:26:01.000+05:30,0.11
2025-07-28T19:27:00.000+05:30,0.11
2025-07-28T19:28:00.000+05:30,0.11
2025-07-28T19:29:00.000+05:30,0.11
2025-07-28T19:30:00.000+05:30,0.11
2025-07-28T19:31:00.000+05:30,0.11
2025-07-28T19:32:00.000+05:30,0.11
2025-07-28T19:33:00.000+05:30,0.11
2025-07-28T19:34:00.000+05:30,0.11
2025-07-28T19:35:00.000+05:30,0.11
2025-07-28T19:36:00.000+05:30,0.11
2025-07-28T19:37:00.000+05:30,0.11
2025-07-28T19:38:00.000+05:30,0.11
2025-07-28T19:39:00.000+05:30,0.11
2025-07-28T19:40:00.000+05:30,0.11
2025-07-28T19:41:00.000+05:30,0.11
2025-07-28T19:42:00.000+05:30,0.11
2025-07-28T19:43:00.000+05:30,0.11
2025-07-28T19:44:00.000+05:30,0.11
2025-07-28T19:45:00.000+05:30,0.11
2025-07-28T19:46:00.000+05:30,0.12
2025-07-28T19:47:00.000+05:30,0.12
2025-07-28T19:48:00.000+05:30,0.12
2025-07-28T19:49:00.000+05:30,0.12
2025-07-28T19:50:00.000+05:30,0.12
2025-07-28T19:51:00.000+05:30,0.12
2025-07-28T19:52:00.000+05:30,0.12
2025-07-28T19:53:00.000+05:30,0.12
2025-07-28T19:54:00.000+05:30,0.12
2025-07-28T19:55:00.000+05:30,0.12
2025-07-28T19:56:00.000+05:30,0.12
2025-07-28T19:57:00.000+05:30,0.12
2025-07-28T19:58:00.000+05:30,0.12
2025-07-28T19:59:00.000+05:30,0.12
2025-07-28T20:00:00.000+05:30,0.12
2025-07-28T20:01:00.000+05:30,0.12
2025-07-28T20:02:00.000+05:30,0.12
2025-07-28T20:03:00.000+05:30,0.12
2025-07-28T20:04:00.000+05:30,0.12
2025-07-28T20:05:00.000+05:30,0.12
2025-07-28T20:06:00.000+05:30,0.12
2025-07-28T20:07:00.000+05:30,0.12
2025-07-28T20:08:00.000+05:30,0.12
2025-07-28T20:09:00.000+05:30,0.12
2025-07-28T20:10:00.000+05:30,0.12
2025-07-28T20:11:00.000+05:30,0.12
2025-07-28T20:12:00.000+05:30,0.12
2025-07-28T20:13:00.000+05:30,0.12
2025-07-28T20:14:00.000+05:30,0.12
2025-07-28T20:15:00.000+05:30,0.12
2025-07-28T20:16:00.000+05:30,0.12
2025-07-28T20:17:00.000+05:30,0.12
2025-07-28T20:18:00.000+05:30,0.12
2025-07-28T20:19:00.000+05:30,0.12
2025-07-28T20:20:00.000+05:30,0.12
2025-07-28T20:21:00.000+05:30,0.12
2025-07-28T20:22:00.000+05:30,0.12
2025-07-28T20:23:00.000+05:30,0.12
2025-07-28T20:24:00.000+05:30,0.12
2025-07-28T20:25:00.000+05:30,0.12
2025-07-28T20:26:00.000+05:30,0.12
2025-07-28T20:27:00.000+05:30,0.12
2025-07-28T20:28:00.000+05:30,0.12
2025-07-28T20:29:00.000+05:30,0.12
2025-07-28T20:30:00.000+05:30,0.12
2025-07-28T20:31:00.000+05:30,0.12
2025-07-28T20:32:00.000+05:30,0.12
2025-07-28T20:33:00.000+05:30,0.12
2025-07-28T20:34:00.000+05:30,0.12
2025-07-28T20:35:01.000+05:30,0.12
2025-07-28T20:36:00.000+05:30,0.12
2025-07-28T20:37:00.000+05:30,0.12
2025-07-28T20:38:00.000+05:30,0.12
2025-07-28T20:39:00.000+05:30,0.12
2025-07-28T20:40:00.000+05:30,0.12
2025-07-28T20:41:00.000+05:30,0.12
2025-07-28T20:42:00.000+05:30,0.12
2025-07-28T20:43:00.000+05:30,0.12
2025-07-28T20:44:00.000+05:30,0.12
2025-07-28T20:45:00.000+05:30,0.12
2025-07-28T20:46:00.000+05:30,0.12
2025-07-28T20:47:00.000+05:30,0.12
2025-07-28T20:48:00.000+05:30,0.12
2025-07-28T20:49:00.000+05:30,0.12
2025-07-28T20:50:00.000+05:30,0.12
2025-07-28T20:51:00.000+05:30,0.12
2025-07-28T20:52:00.000+05:30,0.12
2025-07-28T20:53:00.000+05:30,0.12
2025-07-28T20:54:00.000+05:30,0.12
2025-07-28T20:55:00.000+05:30,0.12
2025-07-28T20:56:00.000+05:30,0.12
2025-07-28T20:57:00.000+05:30,0.12
2025-07-28T20:58:00.000+05:30,0.11
2025-07-28T20:59:01.000+05:30,0.11
2025-07-28T21:00:00.000+05:30,0.11
2025-07-28T21:01:00.000+05:30,0.11
2025-07-28T21:02:00.000+05:30,0.11
2025-07-28T21:03:00.000+05:30,0.11
2025-07-28T21:04:00.000+05:30,0.11
2025-07-28T21:05:00.000+05:30,0.11
2025-07-28T21:06:00.000+05:30,0.11
2025-07-28T21:07:00.000+05:30,0.11
2025-07-28T21:08:00.000+05:30,0.11
2025-07-28T21:09:00.000+05:30,0.11
2025-07-28T21:10:00.000+05:30,0.11
2025-07-28T21:11:00.000+05:30,0.11
2025-07-28T21:12:00.000+05:30,0.11
2025-07-28T21:13:00.000+05:30,0.11
2025-07-28T21:14:00.000+05:30,0.12
2025-07-28T21:15:00.000+05:30,0.12
2025-07-28T21:16:00.000+05:30,0.12
2025-07-28T21:17:00.000+05:30,0.12
2025-07-28T21:18:00.000+05:30,0.12
2025-07-28T21:19:00.000+05:30,0.12
2025-07-28T21:20:00.000+05:30,0.12
2025-07-28T21:21:00.000+05:30,0.11
2025-07-28T21:22:00.000+05:30,0.11
2025-07-28T21:23:00.000+05:30,0.11
2025-07-28T21:24:00.000+05:30,0.11
2025-07-28T21:25:00.000+05:30,0.11
2025-07-28T21:26:00.000+05:30,0.11
2025-07-28T21:27:00.000+05:30,0.11
2025-07-28T21:28:00.000+05:30,0.11
2025-07-28T21:29:00.000+05:30,0.11
2025-07-28T21:30:00.000+05:30,0.11
2025-07-28T21:31:00.000+05:30,0.11
2025-07-28T21:32:00.000+05:30,0.11
2025-07-28T21:33:00.000+05:30,0.11
2025-07-28T21:34:00.000+05:30,0.11
2025-07-28T21:35:00.000+05:30,0.11
2025-07-28T21:36:00.000+05:30,0.11
2025-07-28T21:37:00.000+05:30,0.11
2025-07-28T21:38:00.000+05:30,0.11
2025-07-28T21:39:00.000+05:30,0.11
2025-07-28T21:40:00.000+05:30,0.11
2025-07-28T21:41:00.000+05:30,0.11
2025-07-28T21:42:00.000+05:30,0.11
2025-07-28T21:43:00.000+05:30,0.11
2025-07-28T21:44:00.000+05:30,0.11
2025-07-28T21:45:00.000+05:30,0.11
2025-07-28T21:46:00.000+05:30,0.11
2025-07-28T21:47:00.000+05:30,0.11
2025-07-28T21:48:00.000+05:30,0.11
2025-07-28T21:49:00.000+05:30,0.11
2025-07-28T21:50:00.000+05:30,0.11
2025-07-28T21:51:00.000+05:30,0.11
2025-07-28T21:52:00.000+05:30,0.11
2025-07-28T21:53:00.000+05:30,0.11
2025-07-28T21:54:00.000+05:30,0.11
2025-07-28T21:55:00.000+05:30,0.11
2025-07-28T21:56:00.000+05:30,0.11
2025-07-28T21:57:00.000+05:30,0.11
2025-07-28T21:58:00.000+05:30,0.11
2025-07-28T21:59:00.000+05:30,0.11
2025-07-28T22:00:00.000+05:30,0.11
2025-07-28T22:01:00.000+05:30,0.12
2025-07-28T22:02:00.000+05:30,0.12
2025-07-28T22:03:00.000+05:30,0.11
2025-07-28T22:04:00.000+05:30,0.11
2025-07-28T22:05:00.000+05:30,0.11
2025-07-28T22:06:00.000+05:30,0.1
2025-07-28T22:07:00.000+05:30,0.09
2025-07-28T22:08:00.000+05:30,0.09
2025-07-28T22:09:00.000+05:30,0.09
2025-07-28T22:10:00.000+05:30,0.09
2025-07-28T22:11:00.000+05:30,0.09
2025-07-28T22:12:00.000+05:30,0.1
2025-07-28T22:13:00.000+05:30,0.11
2025-07-28T22:14:00.000+05:30,0.11
2025-07-28T22:15:00.000+05:30,0.11
2025-07-28T22:16:00.000+05:30,0.11
2025-07-28T22:17:00.000+05:30,0.11
2025-07-28T22:18:00.000+05:30,0.11
2025-07-28T22:19:00.000+05:30,0.11
2025-07-28T22:20:00.000+05:30,0.11
2025-07-28T22:21:00.000+05:30,0.11
2025-07-28T22:22:00.000+05:30,0.11
2025-07-28T22:23:00.000+05:30,0.11
2025-07-28T22:24:00.000+05:30,0.11
2025-07-28T22:25:00.000+05:30,0.11
2025-07-28T22:26:00.000+05:30,0.11
2025-07-28T22:27:00.000+05:30,0.11
2025-07-28T22:28:00.000+05:30,0.11
2025-07-28T22:29:00.000+05:30,0.11
2025-07-28T22:30:00.000+05:30,0.11
2025-07-28T22:31:00.000+05:30,0.11
2025-07-28T22:32:00.000+05:30,0.11
2025-07-28T22:33:00.000+05:30,0.11
2025-07-28T22:34:00.000+05:30,0.11
2025-07-28T22:35:00.000+05:30,0.11
2025-07-28T22:36:00.000+05:30,0.11
2025-07-28T22:37:00.000+05:30,0.11
2025-07-28T22:38:00.000+05:30,0.11
2025-07-28T22:39:00.000+05:30,0.11
2025-07-28T22:40:00.000+05:30,0.1
2025-07-28T22:41:00.000+05:30,0.1
2025-07-28T22:42:00.000+05:30,0.1
2025-07-28T22:43:00.000+05:30,0.1
2025-07-28T22:44:00.000+05:30,0.11
2025-07-28T22:45:00.000+05:30,0.11
2025-07-28T22:46:00.000+05:30,0.11
2025-07-28T22:47:00.000+05:30,0.11
2025-07-28T22:48:00.000+05:30,0.11
2025-07-28T22:49:00.000+05:30,0.11
2025-07-28T22:50:00.000+05:30,0.11
2025-07-28T22:51:00.000+05:30,0.11
2025-07-28T22:52:00.000+05:30,0.11
2025-07-28T22:53:00.000+05:30,0.11
2025-07-28T22:54:00.000+05:30,0.11
2025-07-28T22:55:00.000+05:30,0.11
2025-07-28T22:56:00.000+05:30,0.11
2025-07-28T22:57:00.000+05:30,0.11
2025-07-28T22:58:00.000+05:30,0.1
2025-07-28T22:59:00.000+05:30,0.1
2025-07-28T23:00:00.000+05:30,0.1
2025-07-28T23:01:00.000+05:30,0.1
2025-07-28T23:02:00.000+05:30,0.1
2025-07-28T23:03:00.000+05:30,0.1
2025-07-28T23:04:00.000+05:30,0.1
2025-07-28T23:05:00.000+05:30,0.1
2025-07-28T23:06:00.000+05:30,0.1
2025-07-28T23:07:00.000+05:30,0.1
2025-07-28T23:08:00.000+05:30,0.1
2025-07-28T23:09:00.000+05:30,0.1
2025-07-28T23:10:00.000+05:30,0.1
2025-07-28T23:11:00.000+05:30,0.1
2025-07-28T23:12:00.000+05:30,0.1
2025-07-28T23:13:00.000+05:30,0.1
2025-07-28T23:14:00.000+05:30,0.1
2025-07-28T23:15:00.000+05:30,0.1
2025-07-28T23:16:00.000+05:30,0.1
2025-07-28T23:17:00.000+05:30,0.1
2025-07-28T23:18:00.000+05:30,0.1
2025-07-28T23:19:00.000+05:30,0.1
2025-07-28T23:20:00.000+05:30,0.1
2025-07-28T23:21:00.000+05:30,0.1
2025-07-28T23:22:00.000+05:30,0.1
2025-07-28T23:23:00.000+05:30,0.1
2025-07-28T23:24:00.000+05:30,0.1
2025-07-28T23:25:00.000+05:30,0.09
2025-07-28T23:26:00.000+05:30,0.09
2025-07-28T23:27:00.000+05:30,0.09
2025-07-28T23:28:00.000+05:30,0.1
2025-07-28T23:29:00.000+05:30,0.1
2025-07-28T23:30:00.000+05:30,0.1
2025-07-28T23:31:00.000+05:30,0.1
2025-07-28T23:32:00.000+05:30,0.1
2025-07-28T23:33:00.000+05:30,0.1
2025-07-28T23:34:00.000+05:30,0.1
2025-07-28T23:35:00.000+05:30,0.1
2025-07-28T23:36:00.000+05:30,0.1
2025-07-28T23:37:00.000+05:30,0.1
2025-07-28T23:38:00.000+05:30,0.1
2025-07-28T23:39:00.000+05:30,0.1
2025-07-28T23:40:00.000+05:30,0.1
2025-07-28T23:41:00.000+05:30,0.1
2025-07-28T23:42:00.000+05:30,0.1
2025-07-28T23:43:00.000+05:30,0.1
2025-07-28T23:44:00.000+05:30,0.1
2025-07-28T23:45:00.000+05:30,0.1
2025-07-28T23:46:00.000+05:30,0.1
2025-07-28T23:47:00.000+05:30,0.1
2025-07-28T23:48:00.000+05:30,0.09
2025-07-28T23:49:00.000+05:30,0.09
2025-07-28T23:50:00.000+05:30,0.09
2025-07-28T23:51:00.000+05:30,0.1
2025-07-28T23:52:00.000+05:30,0.1
2025-07-28T23:53:00.000+05:30,0.1
2025-07-28T23:54:00.000+05:30,0.1
2025-07-28T23:55:00.000+05:30,0.1
2025-07-28T23:56:00.000+05:30,0.1
2025-07-28T23:57:00.000+05:30,0.1
2025-07-28T23:58:00.000+05:30,0.1
2025-07-28T23:59:00.000+05:30,0.1
2025-07-29T00:00:00.000+05:30,0.1
2025-07-29T00:01:00.000+05:30,0.1
2025-07-29T00:02:00.000+05:30,0.1
2025-07-29T00:03:00.000+05:30,0.1
2025-07-29T00:04:00.000+05:30,0.1
2025-07-29T00:05:00.000+05:30,0.1
2025-07-29T00:06:00.000+05:30,0.1
2025-07-29T00:07:00.000+05:30,0.1
2025-07-29T00:08:00.000+05:30,0.1
2025-07-29T00:09:00.000+05:30,0.11
2025-07-29T00:10:00.000+05:30,0.11
2025-07-29T00:11:00.000+05:30,0.12
2025-07-29T00:12:00.000+05:30,0.12
2025-07-29T00:13:00.000+05:30,0.12
2025-07-29T00:14:00.000+05:30,0.12
2025-07-29T00:15:00.000+05:30,0.12
2025-07-29T00:16:00.000+05:30,0.12
2025-07-29T00:17:00.000+05:30,0.12
2025-07-29T00:18:00.000+05:30,0.11
2025-07-29T00:19:00.000+05:30,0.11
2025-07-29T00:20:00.000+05:30,0.11
2025-07-29T00:21:00.000+05:30,0.11
2025-07-29T00:22:00.000+05:30,0.11
2025-07-29T00:23:00.000+05:30,0.11
2025-07-29T00:24:00.000+05:30,0.11
2025-07-29T00:25:00.000+05:30,0.11
2025-07-29T00:26:00.000+05:30,0.12
2025-07-29T00:27:00.000+05:30,0.12
2025-07-29T00:28:00.000+05:30,0.12
2025-07-29T00:29:00.000+05:30,0.12
2025-07-29T00:30:00.000+05:30,0.12
2025-07-29T00:31:00.000+05:30,0.12
2025-07-29T00:32:00.000+05:30,0.12
2025-07-29T00:33:00.000+05:30,0.12
2025-07-31T12:08:00.000+05:30,0.08
2025-07-31T12:09:00.000+05:30,0.08
2025-07-31T12:10:00.000+05:30,0.08
2025-07-31T12:11:00.000+05:30,0.08
2025-07-31T14:17:00.000+05:30,0.09
2025-07-31T14:18:00.000+05:30,0.09
2025-07-31T14:19:00.000+05:30,0.09
2025-07-31T14:20:00.000+05:30,0.09
2025-07-31T14:21:00.000+05:30,0.09
2025-07-31T14:22:00.000+05:30,0.09
2025-07-31T14:23:00.000+05:30,0.09
2025-07-31T14:24:00.000+05:30,0.09
2025-07-31T14:25:00.000+05:30,0.09
2025-07-31T14:26:00.000+05:30,0.09
2025-07-31T14:27:00.000+05:30,0.09
2025-07-31T14:28:00.000+05:30,0.09
2025-07-31T14:29:00.000+05:30,0.09
2025-07-31T14:30:00.000+05:30,0.09
2025-07-31T14:31:00.000+05:30,0.09
2025-07-31T14:32:00.000+05:30,0.09
2025-07-31T14:33:00.000+05:30,0.09
2025-07-31T14:34:00.000+05:30,0.09
2025-07-31T14:35:00.000+05:30,0.09
2025-07-31T14:36:00.000+05:30,0.09
2025-07-31T14:37:00.000+05:30,0.09
2025-07-31T14:38:00.000+05:30,0.09
2025-07-31T14:39:00.000+05:30,0.09
2025-07-31T14:40:00.000+05:30,0.09
2025-07-31T14:41:00.000+05:30,0.09
2025-07-31T14:42:00.000+05:30,0.09
2025-07-31T14:43:00.000+05:30,0.09
2025-07-31T14:44:00.000+05:30,0.09
2025-07-31T14:45:00.000+05:30,0.09
2025-07-31T14:46:00.000+05:30,0.09
2025-07-31T14:47:00.000+05:30,0.09
2025-07-31T14:48:00.000+05:30,0.09
2025-07-31T14:49:00.000+05:30,0.09
2025-07-31T14:50:00.000+05:30,0.09
2025-07-31T14:51:00.000+05:30,0.09
2025-07-31T14:52:00.000+05:30,0.09
2025-07-31T14:53:00.000+05:30,0.09
2025-07-31T14:54:00.000+05:30,0.09
2025-07-31T14:55:00.000+05:30,0.09
2025-07-31T14:56:01.000+05:30,0.09
2025-07-31T14:57:00.000+05:30,0.09
2025-07-31T14:58:00.000+05:30,0.09
2025-07-31T14:59:00.000+05:30,0.09
2025-07-31T15:00:00.000+05:30,0.09
2025-07-31T15:01:00.000+05:30,0.09
2025-07-31T15:02:00.000+05:30,0.09
2025-07-31T15:03:00.000+05:30,0.09
2025-07-31T15:04:00.000+05:30,0.09
2025-07-31T15:05:00.000+05:30,0.09
2025-07-31T15:06:00.000+05:30,0.09
2025-07-31T15:07:00.000+05:30,0.09
2025-07-31T15:08:00.000+05:30,0.09
2025-07-31T15:09:00.000+05:30,0.09
2025-07-31T15:10:00.000+05:30,0.09
2025-07-31T15:11:00.000+05:30,0.09
2025-07-31T15:12:00.000+05:30,0.09
2025-07-31T15:13:00.000+05:30,0.09
2025-07-31T15:14:00.000+05:30,0.09
2025-07-31T15:15:00.000+05:30,0.09
2025-07-31T15:16:00.000+05:30,0.09
2025-07-31T15:17:00.000+05:30,0.09
2025-07-31T15:18:00.000+05:30,0.09
2025-07-31T15:19:00.000+05:30,0.09
2025-07-31T15:20:00.000+05:30,0.09
2025-07-31T15:21:00.000+05:30,0.09
2025-07-31T15:22:00.000+05:30,0.09
2025-07-31T15:23:00.000+05:30,0.09
2025-07-31T15:24:00.000+05:30,0.09
2025-07-31T15:25:00.000+05:30,0.09
2025-07-31T15:26:00.000+05:30,0.09
2025-07-31T15:27:00.000+05:30,0.09
2025-07-31T15:28:00.000+05:30,0.09
2025-07-31T15:29:00.000+05:30,0.09
2025-07-31T15:30:00.000+05:30,0.09
2025-07-31T15:31:00.000+05:30,0.09
2025-07-31T15:32:00.000+05:30,0.09
2025-07-31T15:33:00.000+05:30,0.09
2025-07-31T15:34:00.000+05:30,0.09
2025-07-31T15:35:00.000+05:30,0.09
2025-07-31T15:36:00.000+05:30,0.09
2025-07-31T15:37:00.000+05:30,0.09
2025-07-31T15:38:00.000+05:30,0.09
2025-07-31T15:39:00.000+05:30,0.09
2025-07-31T15:40:00.000+05:30,0.09
2025-07-31T15:41:00.000+05:30,0.09
2025-07-31T15:42:00.000+05:30,0.09
2025-07-31T15:43:00.000+05:30,0.09
2025-07-31T15:44:00.000+05:30,0.09
2025-07-31T15:45:00.000+05:30,0.09
2025-07-31T15:46:00.000+05:30,0.1
2025-07-31T15:47:00.000+05:30,0.1
2025-07-31T15:48:00.000+05:30,0.1
2025-07-31T15:49:00.000+05:30,0.1
2025-07-31T15:50:00.000+05:30,0.1
2025-07-31T15:51:00.000+05:30,0.1
2025-07-31T15:52:00.000+05:30,0.09
2025-07-31T15:53:00.000+05:30,0.09
2025-07-31T15:54:00.000+05:30,0.09
2025-07-31T15:55:00.000+05:30,0.09
2025-07-31T15:56:00.000+05:30,0.09
2025-07-31T15:57:00.000+05:30,0.09
2025-07-31T15:58:00.000+05:30,0.09
2025-07-31T15:59:00.000+05:30,0.09
2025-07-31T16:00:00.000+05:30,0.09
2025-07-31T16:01:00.000+05:30,0.09
2025-07-31T16:02:00.000+05:30,0.09
2025-07-31T16:03:00.000+05:30,0.1
2025-07-31T16:04:00.000+05:30,0.1
2025-07-31T16:05:00.000+05:30,0.1
2025-07-31T16:06:00.000+05:30,0.1
2025-07-31T16:07:00.000+05:30,0.1
2025-07-31T16:08:00.000+05:30,0.1
2025-07-31T16:09:00.000+05:30,0.1
2025-07-31T16:10:00.000+05:30,0.1
2025-07-31T16:11:00.000+05:30,0.1
2025-07-31T16:12:00.000+05:30,0.1
2025-07-31T16:13:00.000+05:30,0.1
2025-07-31T16:14:00.000+05:30,0.11
2025-07-31T16:15:00.000+05:30,0.11
2025-07-31T16:16:00.000+05:30,0.11
2025-07-31T16:17:00.000+05:30,0.11
2025-07-31T16:18:00.000+05:30,0.11
2025-07-31T16:19:00.000+05:30,0.11
2025-07-31T16:20:00.000+05:30,0.11
2025-07-31T16:21:00.000+05:30,0.1
2025-07-31T16:22:00.000+05:30,0.1
2025-07-31T16:23:00.000+05:30,0.1
2025-07-31T16:24:00.000+05:30,0.1
2025-07-31T16:25:00.000+05:30,0.1
2025-07-31T16:26:00.000+05:30,0.1
2025-07-31T16:27:00.000+05:30,0.1
2025-07-31T16:28:00.000+05:30,0.1
2025-07-31T16:29:00.000+05:30,0.1
2025-07-31T16:30:00.000+05:30,0.1
2025-07-31T16:31:00.000+05:30,0.1
2025-07-31T16:32:00.000+05:30,0.1
2025-07-31T16:33:00.000+05:30,0.1
2025-07-31T16:34:00.000+05:30,0.1
2025-07-31T16:35:00.000+05:30,0.1
2025-07-31T16:36:00.000+05:30,0.1
2025-07-31T16:37:00.000+05:30,0.1
2025-07-31T16:38:00.000+05:30,0.1
2025-07-31T16:39:00.000+05:30,0.1
2025-07-31T16:40:00.000+05:30,0.1
2025-07-31T16:41:00.000+05:30,0.1
2025-07-31T16:42:00.000+05:30,0.11
2025-07-31T16:43:00.000+05:30,0.11
2025-07-31T16:44:00.000+05:30,0.11
2025-07-31T16:45:00.000+05:30,0.11
2025-07-31T16:46:00.000+05:30,0.11
2025-07-31T16:47:00.000+05:30,0.11
2025-07-31T16:48:00.000+05:30,0.11
2025-07-31T16:49:00.000+05:30,0.11
2025-07-31T16:50:00.000+05:30,0.11
2025-07-31T16:51:00.000+05:30,0.11
2025-07-31T16:52:00.000+05:30,0.11
2025-07-31T16:53:00.000+05:30,0.11
2025-07-31T16:54:00.000+05:30,0.11
2025-07-31T16:55:00.000+05:30,0.11
2025-07-31T16:56:00.000+05:30,0.1
2025-07-31T16:57:00.000+05:30,0.1
2025-07-31T16:58:00.000+05:30,0.1
2025-07-31T16:59:00.000+05:30,0.1
2025-07-31T17:00:00.000+05:30,0.1
2025-07-31T17:01:00.000+05:30,0.1
2025-07-31T17:02:00.000+05:30,0.1
2025-07-31T17:03:00.000+05:30,0.11
2025-07-31T17:04:00.000+05:30,0.11
2025-07-31T17:05:00.000+05:30,0.11
2025-07-31T17:06:00.000+05:30,0.11
2025-07-31T17:07:00.000+05:30,0.11
2025-07-31T17:08:00.000+05:30,0.11
2025-07-31T17:09:00.000+05:30,0.11
2025-07-31T17:10:00.000+05:30,0.12
2025-07-31T17:11:00.000+05:30,0.12
2025-07-31T17:12:00.000+05:30,0.12
2025-07-31T17:13:00.000+05:30,0.12
2025-07-31T17:14:00.000+05:30,0.12
2025-07-31T17:15:00.000+05:30,0.12
2025-07-31T17:16:00.000+05:30,0.12
2025-07-31T17:17:00.000+05:30,0.12
2025-07-31T17:18:00.000+05:30,0.12
2025-07-31T17:19:00.000+05:30,0.12
2025-07-31T17:20:00.000+05:30,0.12
2025-07-31T17:21:00.000+05:30,0.12
2025-07-31T17:22:00.000+05:30,0.12
2025-07-31T17:23:00.000+05:30,0.12
2025-07-31T17:24:00.000+05:30,0.12
2025-07-31T17:25:00.000+05:30,0.12
2025-07-31T17:26:00.000+05:30,0.12
2025-07-31T17:27:00.000+05:30,0.12
2025-07-31T17:28:00.000+05:30,0.12
2025-07-31T17:29:00.000+05:30,0.12
2025-07-31T17:30:00.000+05:30,0.12
2025-07-31T17:31:00.000+05:30,0.12
2025-07-31T17:32:00.000+05:30,0.12
2025-07-31T17:33:00.000+05:30,0.12
2025-07-31T17:34:00.000+05:30,0.12
2025-07-31T17:35:00.000+05:30,0.12
2025-07-31T17:36:00.000+05:30,0.12
2025-07-31T17:37:00.000+05:30,0.12
2025-07-31T17:38:00.000+05:30,0.12
2025-07-31T17:39:00.000+05:30,0.12
2025-07-31T17:40:00.000+05:30,0.12
2025-07-31T17:41:00.000+05:30,0.12
2025-07-31T17:42:00.000+05:30,0.12
2025-07-31T17:43:00.000+05:30,0.12
2025-07-31T17:44:00.000+05:30,0.12
2025-07-31T17:45:00.000+05:30,0.12
2025-07-31T17:46:00.000+05:30,0.12
2025-07-31T17:47:00.000+05:30,0.12
2025-07-31T17:48:00.000+05:30,0.12
2025-07-31T17:49:00.000+05:30,0.12
2025-07-31T17:50:00.000+05:30,0.11
2025-07-31T17:51:00.000+05:30,0.11
2025-07-31T17:52:00.000+05:30,0.11
2025-07-31T17:53:00.000+05:30,0.11
2025-07-31T17:54:00.000+05:30,0.11
2025-07-31T17:55:00.000+05:30,0.1
2025-07-31T17:56:00.000+05:30,0.1
2025-07-31T17:57:00.000+05:30,0.1
2025-07-31T17:58:00.000+05:30,0.1
2025-07-31T17:59:00.000+05:30,0.1
2025-07-31T18:00:00.000+05:30,0.1
2025-07-31T18:01:00.000+05:30,0.1
2025-07-31T18:02:00.000+05:30,0.1
2025-07-31T18:03:00.000+05:30,0.1
2025-07-31T18:04:00.000+05:30,0.1
2025-07-31T18:05:00.000+05:30,0.1
2025-07-31T18:06:00.000+05:30,0.1
2025-07-31T18:07:00.000+05:30,0.1
2025-07-31T18:08:00.000+05:30,0.1
2025-07-31T18:09:00.000+05:30,0.1
2025-07-31T18:10:00.000+05:30,0.1
2025-07-31T18:11:00.000+05:30,0.1
2025-07-31T18:12:00.000+05:30,0.1
2025-07-31T18:13:00.000+05:30,0.1
2025-07-31T18:14:00.000+05:30,0.1
2025-07-31T18:15:00.000+05:30,0.1
2025-07-31T18:16:00.000+05:30,0.11
2025-07-31T18:17:00.000+05:30,0.11
2025-07-31T18:18:00.000+05:30,0.11
2025-07-31T18:19:00.000+05:30,0.11
2025-07-31T18:20:00.000+05:30,0.1
2025-07-31T18:21:00.000+05:30,0.1
2025-07-31T18:22:00.000+05:30,0.1
2025-07-31T18:23:00.000+05:30,0.09
2025-07-31T18:24:00.000+05:30,0.09
2025-07-31T18:25:00.000+05:30,0.09
2025-07-31T18:26:00.000+05:30,0.09
2025-07-31T18:27:00.000+05:30,0.09
2025-07-31T18:28:00.000+05:30,0.09
2025-07-31T18:29:01.000+05:30,0.09
2025-07-31T18:30:00.000+05:30,0.1
2025-07-31T18:31:00.000+05:30,0.1
2025-07-31T18:32:00.000+05:30,0.1
2025-07-31T18:33:00.000+05:30,0.1
2025-07-31T18:34:00.000+05:30,0.1
2025-07-31T18:35:00.000+05:30,0.1
2025-07-31T18:36:00.000+05:30,0.1
2025-07-31T18:37:00.000+05:30,0.1
2025-07-31T18:38:00.000+05:30,0.1
2025-07-31T18:39:00.000+05:30,0.1
2025-07-31T18:40:00.000+05:30,0.1
2025-07-31T18:41:00.000+05:30,0.1
2025-07-31T18:42:00.000+05:30,0.1
2025-07-31T18:43:00.000+05:30,0.1
2025-07-31T18:44:00.000+05:30,0.1
2025-07-31T18:45:00.000+05:30,0.1
2025-07-31T18:46:00.000+05:30,0.1
2025-07-31T18:47:00.000+05:30,0.1
2025-07-31T18:48:00.000+05:30,0.1
2025-07-31T18:49:00.000+05:30,0.1
2025-07-31T18:50:00.000+05:30,0.1
2025-07-31T18:51:00.000+05:30,0.1
2025-07-31T18:52:00.000+05:30,0.1
2025-07-31T18:53:00.000+05:30,0.1
2025-07-31T18:54:00.000+05:30,0.1
2025-07-31T18:55:00.000+05:30,0.1
2025-07-31T18:56:00.000+05:30,0.1
2025-07-31T18:57:00.000+05:30,0.1
2025-07-31T18:58:00.000+05:30,0.1
2025-07-31T18:59:00.000+05:30,0.1
2025-07-31T19:00:00.000+05:30,0.1
2025-07-31T19:01:00.000+05:30,0.11
2025-07-31T19:02:00.000+05:30,0.11
2025-07-31T19:03:00.000+05:30,0.12
2025-07-31T19:04:00.000+05:30,0.12
2025-07-31T19:05:00.000+05:30,0.12
2025-07-31T19:06:00.000+05:30,0.13
2025-07-31T19:07:00.000+05:30,0.13
2025-07-31T19:08:00.000+05:30,0.13
2025-07-31T19:09:00.000+05:30,0.13
2025-07-31T19:10:00.000+05:30,0.13
2025-07-31T19:11:00.000+05:30,0.13
2025-07-31T19:12:00.000+05:30,0.13
2025-07-31T19:13:00.000+05:30,0.13
2025-07-31T19:14:00.000+05:30,0.13
2025-07-31T19:15:00.000+05:30,0.13
2025-07-31T19:16:00.000+05:30,0.13
2025-07-31T19:17:00.000+05:30,0.13
2025-07-31T19:18:00.000+05:30,0.13
2025-07-31T19:19:00.000+05:30,0.13
2025-07-31T19:20:00.000+05:30,0.12
2025-07-31T19:21:00.000+05:30,0.12
2025-07-31T19:22:00.000+05:30,0.12
2025-07-31T19:23:00.000+05:30,0.12
2025-07-31T19:24:00.000+05:30,0.12
2025-07-31T19:25:00.000+05:30,0.12
2025-07-31T19:26:00.000+05:30,0.12
2025-07-31T19:27:00.000+05:30,0.12
2025-07-31T19:28:00.000+05:30,0.12
2025-07-31T19:29:00.000+05:30,0.12
2025-07-31T19:30:00.000+05:30,0.12
2025-07-31T19:31:00.000+05:30,0.12
2025-07-31T19:32:00.000+05:30,0.12
2025-07-31T19:33:00.000+05:30,0.12
2025-07-31T19:34:00.000+05:30,0.12
2025-07-31T19:35:00.000+05:30,0.12
2025-07-31T19:36:00.000+05:30,0.12
2025-07-31T19:37:01.000+05:30,0.12
2025-07-31T19:38:00.000+05:30,0.13
2025-07-31T19:39:00.000+05:30,0.13
2025-07-31T19:40:00.000+05:30,0.13
2025-07-31T19:41:00.000+05:30,0.13
2025-07-31T19:42:00.000+05:30,0.13
2025-07-31T19:43:00.000+05:30,0.13
2025-07-31T19:44:00.000+05:30,0.13
2025-07-31T19:45:00.000+05:30,0.13
2025-07-31T19:46:00.000+05:30,0.13
2025-07-31T19:47:00.000+05:30,0.13
2025-07-31T19:48:00.000+05:30,0.13
2025-07-31T19:49:00.000+05:30,0.13
2025-07-31T19:50:00.000+05:30,0.13
2025-07-31T19:51:00.000+05:30,0.13
2025-07-31T19:52:00.000+05:30,0.13
2025-07-31T19:53:00.000+05:30,0.13
2025-07-31T19:54:00.000+05:30,0.13
2025-07-31T19:55:00.000+05:30,0.13
2025-07-31T19:56:00.000+05:30,0.13
2025-07-31T19:57:00.000+05:30,0.13
2025-07-31T19:58:00.000+05:30,0.13
2025-07-31T19:59:00.000+05:30,0.13
2025-07-31T20:00:00.000+05:30,0.13
2025-07-31T20:01:00.000+05:30,0.13
2025-07-31T20:02:00.000+05:30,0.13
2025-07-31T20:03:00.000+05:30,0.13
2025-07-31T20:04:00.000+05:30,0.13
2025-07-31T20:05:00.000+05:30,0.13
2025-07-31T20:06:00.000+05:30,0.13
2025-07-31T20:07:00.000+05:30,0.13
2025-07-31T20:08:00.000+05:30,0.13
2025-07-31T20:09:00.000+05:30,0.13
2025-07-31T20:10:00.000+05:30,0.13
2025-07-31T20:11:00.000+05:30,0.13
2025-07-31T20:12:00.000+05:30,0.13
2025-07-31T20:13:00.000+05:30,0.13
2025-07-31T20:14:00.000+05:30,0.13
2025-07-31T20:15:00.000+05:30,0.13
2025-07-31T20:16:00.000+05:30,0.13
2025-07-31T20:17:01.000+05:30,0.13
2025-07-31T20:18:00.000+05:30,0.13
2025-07-31T20:19:00.000+05:30,0.13
2025-07-31T20:20:00.000+05:30,0.13
2025-07-31T20:21:00.000+05:30,0.13
2025-07-31T20:22:00.000+05:30,0.13
2025-07-31T20:23:00.000+05:30,0.13
2025-07-31T20:24:00.000+05:30,0.13
2025-07-31T20:25:00.000+05:30,0.13
2025-07-31T20:26:00.000+05:30,0.13
2025-07-31T20:27:00.000+05:30,0.13
2025-07-31T20:28:00.000+05:30,0.13
2025-07-31T20:29:00.000+05:30,0.13
2025-07-31T20:30:00.000+05:30,0.13
2025-07-31T20:31:00.000+05:30,0.13
2025-07-31T20:32:00.000+05:30,0.13
2025-07-31T20:33:00.000+05:30,0.13
2025-07-31T20:34:00.000+05:30,0.13
2025-07-31T20:35:00.000+05:30,0.13
2025-07-31T20:36:00.000+05:30,0.13
2025-07-31T20:37:00.000+05:30,0.13
2025-07-31T20:38:00.000+05:30,0.13
2025-07-31T20:39:00.000+05:30,0.13
2025-07-31T20:40:00.000+05:30,0.13
2025-07-31T20:41:00.000+05:30,0.13
2025-07-31T20:42:00.000+05:30,0.14
2025-07-31T20:43:00.000+05:30,0.14
2025-07-31T20:44:00.000+05:30,0.14
2025-07-31T20:45:00.000+05:30,0.14
2025-07-31T20:46:00.000+05:30,0.14
2025-07-31T20:47:00.000+05:30,0.14
2025-07-31T20:48:00.000+05:30,0.14
2025-07-31T20:49:00.000+05:30,0.14
2025-07-31T20:50:00.000+05:30,0.14
2025-07-31T20:51:00.000+05:30,0.14
2025-07-31T20:52:00.000+05:30,0.14
2025-07-31T20:53:00.000+05:30,0.14
2025-07-31T20:54:00.000+05:30,0.14
2025-07-31T20:55:00.000+05:30,0.14
2025-07-31T20:56:00.000+05:30,0.14
2025-08-01T13:27:00.000+05:30,0.08
