timestamp,light,moderate,very,data source
2025-07-17T09:04:00Z,1,0,0,Fitbit App
2025-07-17T09:19:00Z,1,0,0,Fitbit App
2025-07-17T09:21:00Z,1,0,0,Fitbit App
2025-07-17T09:23:00Z,1,0,0,Fitbit App
2025-07-17T09:26:00Z,1,0,0,Fitbit App
2025-07-17T09:27:00Z,1,0,0,Fitbit App
2025-07-17T09:30:00Z,1,0,0,Fitbit App
2025-07-17T11:04:45Z,1,0,0,Fitbit App
2025-07-17T11:05:45Z,0,1,0,Fitbit App
2025-07-17T11:06:45Z,0,0,1,Fitbit App
2025-07-17T11:07:45Z,1,0,0,Fitbit App
2025-07-17T11:08:45Z,0,1,0,Fitbit App
2025-07-17T11:09:45Z,0,0,1,Fitbit App
2025-07-17T11:10:45Z,0,0,1,Fitbit App
2025-07-17T11:11:45Z,0,0,1,Fitbit App
2025-07-17T11:12:45Z,0,1,0,Fitbit App
2025-07-17T11:13:45Z,0,1,0,Fitbit App
2025-07-17T11:14:45Z,0,1,0,Fitbit App
2025-07-17T11:15:45Z,0,1,0,Fitbit App
2025-07-17T11:16:45Z,0,0,1,Fitbit App
2025-07-17T11:17:45Z,0,0,1,Fitbit App
2025-07-17T11:18:45Z,0,0,1,Fitbit App
2025-07-17T11:19:45Z,0,0,1,Fitbit App
2025-07-17T11:20:45Z,0,1,0,Fitbit App
2025-07-17T11:21:45Z,0,1,0,Fitbit App
2025-07-17T11:22:45Z,0,0,1,Fitbit App
2025-07-17T11:23:45Z,0,0,1,Fitbit App
2025-07-17T11:24:45Z,0,1,0,Fitbit App
2025-07-17T11:25:45Z,1,0,0,Fitbit App
2025-07-17T11:26:45Z,1,0,0,Fitbit App
2025-07-17T11:31:45Z,1,0,0,Fitbit App
2025-07-17T11:32:45Z,1,0,0,Fitbit App
2025-07-17T11:33:45Z,1,0,0,Fitbit App
2025-07-17T11:34:45Z,1,0,0,Fitbit App
2025-07-17T13:17:00Z,1,0,0,Fitbit App
2025-07-17T13:18:00Z,1,0,0,Fitbit App
2025-07-17T13:19:00Z,1,0,0,Fitbit App
2025-07-17T13:20:00Z,1,0,0,Fitbit App
2025-07-17T13:21:00Z,1,0,0,Fitbit App
2025-07-17T13:22:00Z,1,0,0,Fitbit App
2025-07-17T13:23:00Z,1,0,0,Fitbit App
2025-07-17T13:24:00Z,1,0,0,Fitbit App
2025-07-17T13:25:00Z,1,0,0,Fitbit App
2025-07-17T13:28:00Z,1,0,0,Fitbit App
2025-07-17T13:29:00Z,1,0,0,Fitbit App
2025-07-17T13:30:00Z,1,0,0,Fitbit App
2025-07-17T13:31:00Z,1,0,0,Fitbit App
2025-07-17T13:32:00Z,1,0,0,Fitbit App
2025-07-17T13:33:00Z,1,0,0,Fitbit App
2025-07-17T13:34:00Z,1,0,0,Fitbit App
2025-07-17T13:35:00Z,1,0,0,Fitbit App
2025-07-17T13:40:00Z,1,0,0,Fitbit App
2025-07-17T13:41:00Z,1,0,0,Fitbit App
2025-07-17T13:42:00Z,1,0,0,Fitbit App
2025-07-17T13:43:00Z,1,0,0,Fitbit App
2025-07-17T13:44:00Z,1,0,0,Fitbit App
2025-07-17T13:45:00Z,1,0,0,Fitbit App
2025-07-17T13:47:00Z,1,0,0,Fitbit App
2025-07-17T13:54:00Z,1,0,0,Fitbit App
2025-07-17T14:02:00Z,1,0,0,Fitbit App
2025-07-17T14:03:00Z,1,0,0,Fitbit App
2025-07-17T14:06:00Z,1,0,0,Fitbit App
2025-07-17T14:28:00Z,1,0,0,Fitbit App
2025-07-17T14:29:00Z,1,0,0,Fitbit App
2025-07-17T14:47:00Z,1,0,0,Fitbit App
2025-07-17T14:48:00Z,1,0,0,Fitbit App
2025-07-17T15:14:00Z,1,0,0,Fitbit App
2025-07-17T15:37:00Z,1,0,0,Fitbit App
2025-07-17T15:38:00Z,1,0,0,Fitbit App
2025-07-17T15:39:00Z,1,0,0,Fitbit App
2025-07-17T15:40:00Z,1,0,0,Fitbit App
2025-07-17T15:44:00Z,1,0,0,Fitbit App
2025-07-17T15:51:00Z,1,0,0,Fitbit App
2025-07-17T15:52:00Z,1,0,0,Fitbit App
2025-07-17T15:53:00Z,1,0,0,Fitbit App
2025-07-17T15:54:00Z,1,0,0,Fitbit App
2025-07-17T15:57:00Z,1,0,0,Fitbit App
2025-07-17T15:58:00Z,1,0,0,Fitbit App
2025-07-17T15:59:00Z,1,0,0,Fitbit App
2025-07-17T16:00:00Z,1,0,0,Fitbit App
2025-07-17T16:01:00Z,1,0,0,Fitbit App
2025-07-17T16:02:00Z,0,1,0,Fitbit App
2025-07-17T16:03:00Z,1,0,0,Fitbit App
2025-07-17T16:04:00Z,0,0,1,Fitbit App
2025-07-17T16:05:00Z,0,0,1,Fitbit App
2025-07-17T16:06:00Z,0,0,1,Fitbit App
2025-07-17T16:07:00Z,0,1,0,Fitbit App
2025-07-17T16:08:00Z,0,1,0,Fitbit App
2025-07-17T16:09:00Z,0,1,0,Fitbit App
2025-07-17T16:10:00Z,0,1,0,Fitbit App
2025-07-17T16:11:00Z,0,1,0,Fitbit App
2025-07-17T16:12:00Z,0,0,1,Fitbit App
2025-07-17T16:13:00Z,0,1,0,Fitbit App
2025-07-17T16:14:00Z,1,0,0,Fitbit App
2025-07-17T16:15:00Z,0,1,0,Fitbit App
2025-07-17T16:16:00Z,0,1,0,Fitbit App
2025-07-17T16:17:00Z,0,1,0,Fitbit App
2025-07-17T16:18:00Z,0,1,0,Fitbit App
2025-07-17T16:19:00Z,0,1,0,Fitbit App
2025-07-17T16:20:00Z,0,1,0,Fitbit App
2025-07-17T16:21:00Z,0,1,0,Fitbit App
2025-07-17T16:22:00Z,0,0,1,Fitbit App
2025-07-17T16:23:00Z,0,1,0,Fitbit App
2025-07-17T16:24:00Z,1,0,0,Fitbit App
2025-07-17T16:25:00Z,1,0,0,Fitbit App
2025-07-17T16:26:00Z,1,0,0,Fitbit App
2025-07-17T16:28:00Z,1,0,0,Fitbit App
2025-07-17T16:33:00Z,1,0,0,Fitbit App
2025-07-17T16:34:00Z,1,0,0,Fitbit App
2025-07-17T16:40:00Z,1,0,0,Fitbit App
2025-07-17T16:42:00Z,1,0,0,Fitbit App
2025-07-17T16:47:00Z,1,0,0,Fitbit App
2025-07-17T16:49:00Z,1,0,0,Fitbit App
2025-07-17T16:53:00Z,1,0,0,Fitbit App
2025-07-17T16:54:00Z,1,0,0,Fitbit App
2025-07-17T17:01:00Z,1,0,0,Fitbit App
2025-07-17T17:04:00Z,1,0,0,Fitbit App
2025-07-17T17:05:00Z,1,0,0,Fitbit App
2025-07-17T17:06:00Z,1,0,0,Fitbit App
2025-07-17T17:07:00Z,1,0,0,Fitbit App
2025-07-17T17:08:00Z,1,0,0,Fitbit App
2025-07-17T17:09:00Z,1,0,0,Fitbit App
2025-07-17T17:12:00Z,1,0,0,Fitbit App
2025-07-17T17:13:00Z,1,0,0,Fitbit App
2025-07-17T17:15:00Z,1,0,0,Fitbit App
2025-07-17T17:18:00Z,1,0,0,Fitbit App
2025-07-17T17:19:00Z,1,0,0,Fitbit App
2025-07-17T17:20:00Z,1,0,0,Fitbit App
2025-07-17T17:21:00Z,1,0,0,Fitbit App
2025-07-17T17:22:00Z,1,0,0,Fitbit App
2025-07-17T17:23:00Z,1,0,0,Fitbit App
2025-07-17T17:24:00Z,1,0,0,Fitbit App
2025-07-17T17:25:00Z,1,0,0,Fitbit App
2025-07-17T17:26:00Z,1,0,0,Fitbit App
2025-07-17T17:27:00Z,1,0,0,Fitbit App
2025-07-17T17:28:00Z,1,0,0,Fitbit App
2025-07-17T17:29:00Z,1,0,0,Fitbit App
2025-07-17T17:33:00Z,1,0,0,Fitbit App
2025-07-17T17:35:00Z,1,0,0,Fitbit App
2025-07-17T17:36:00Z,1,0,0,Fitbit App
2025-07-17T17:37:00Z,1,0,0,Fitbit App
2025-07-17T17:38:00Z,1,0,0,Fitbit App
2025-07-17T17:39:00Z,1,0,0,Fitbit App
2025-07-17T17:40:00Z,1,0,0,Fitbit App
2025-07-17T17:41:00Z,1,0,0,Fitbit App
2025-07-17T17:42:00Z,1,0,0,Fitbit App
2025-07-17T17:43:00Z,1,0,0,Fitbit App
2025-07-17T17:44:00Z,1,0,0,Fitbit App
2025-07-17T17:45:00Z,1,0,0,Fitbit App
2025-07-17T17:48:00Z,1,0,0,Fitbit App
2025-07-17T17:49:00Z,1,0,0,Fitbit App
2025-07-17T19:48:00Z,1,0,0,Fitbit App
2025-07-17T20:03:00Z,1,0,0,Fitbit App
2025-07-17T20:05:00Z,1,0,0,Fitbit App
2025-07-18T11:16:00Z,1,0,0,Fitbit App
2025-07-18T11:21:00Z,1,0,0,Fitbit App
2025-07-18T11:22:00Z,1,0,0,Fitbit App
2025-07-18T11:23:00Z,1,0,0,Fitbit App
2025-07-18T11:24:00Z,1,0,0,Fitbit App
2025-07-18T11:25:00Z,1,0,0,Fitbit App
2025-07-18T11:26:00Z,1,0,0,Fitbit App
2025-07-18T11:28:00Z,1,0,0,Fitbit App
2025-07-18T11:29:00Z,0,1,0,Fitbit App
2025-07-18T11:30:00Z,0,1,0,Fitbit App
2025-07-18T11:31:00Z,0,0,1,Fitbit App
2025-07-18T11:32:00Z,0,1,0,Fitbit App
2025-07-18T11:33:00Z,0,0,1,Fitbit App
2025-07-18T11:34:00Z,0,0,1,Fitbit App
2025-07-18T11:35:00Z,0,1,0,Fitbit App
2025-07-18T11:36:00Z,0,0,1,Fitbit App
2025-07-18T11:37:00Z,0,1,0,Fitbit App
2025-07-18T11:38:00Z,1,0,0,Fitbit App
2025-07-18T11:39:00Z,0,1,0,Fitbit App
2025-07-18T11:40:00Z,1,0,0,Fitbit App
2025-07-18T11:41:00Z,1,0,0,Fitbit App
2025-07-18T12:57:00Z,1,0,0,Fitbit App
2025-07-18T12:58:00Z,1,0,0,Fitbit App
2025-07-18T12:59:00Z,1,0,0,Fitbit App
2025-07-18T13:00:00Z,1,0,0,Fitbit App
2025-07-18T13:01:00Z,1,0,0,Fitbit App
2025-07-18T13:02:00Z,1,0,0,Fitbit App
2025-07-18T13:03:00Z,1,0,0,Fitbit App
2025-07-18T13:04:00Z,1,0,0,Fitbit App
2025-07-18T13:05:00Z,1,0,0,Fitbit App
2025-07-18T13:06:00Z,1,0,0,Fitbit App
2025-07-18T13:07:00Z,1,0,0,Fitbit App
2025-07-18T13:08:00Z,1,0,0,Fitbit App
2025-07-18T13:09:00Z,1,0,0,Fitbit App
2025-07-18T13:10:00Z,1,0,0,Fitbit App
2025-07-18T13:11:00Z,1,0,0,Fitbit App
2025-07-18T13:52:00Z,1,0,0,Fitbit App
2025-07-18T13:53:00Z,1,0,0,Fitbit App
2025-07-18T13:54:00Z,1,0,0,Fitbit App
2025-07-18T13:55:00Z,1,0,0,Fitbit App
2025-07-18T13:58:00Z,1,0,0,Fitbit App
2025-07-18T13:59:00Z,1,0,0,Fitbit App
2025-07-18T14:00:00Z,1,0,0,Fitbit App
2025-07-18T14:01:00Z,1,0,0,Fitbit App
2025-07-18T14:02:00Z,1,0,0,Fitbit App
2025-07-18T14:03:00Z,1,0,0,Fitbit App
2025-07-18T14:06:00Z,1,0,0,Fitbit App
2025-07-18T14:15:00Z,1,0,0,Fitbit App
2025-07-18T14:16:00Z,1,0,0,Fitbit App
2025-07-18T14:17:00Z,1,0,0,Fitbit App
2025-07-18T14:18:00Z,1,0,0,Fitbit App
2025-07-18T14:19:00Z,1,0,0,Fitbit App
2025-07-18T14:21:00Z,1,0,0,Fitbit App
2025-07-18T14:22:00Z,1,0,0,Fitbit App
2025-07-18T14:23:00Z,1,0,0,Fitbit App
2025-07-18T14:24:00Z,1,0,0,Fitbit App
2025-07-18T14:28:00Z,1,0,0,Fitbit App
2025-07-18T14:29:00Z,1,0,0,Fitbit App
2025-07-18T14:30:00Z,1,0,0,Fitbit App
2025-07-18T14:31:00Z,1,0,0,Fitbit App
2025-07-18T14:32:00Z,1,0,0,Fitbit App
2025-07-18T14:37:00Z,1,0,0,Fitbit App
2025-07-18T14:40:00Z,1,0,0,Fitbit App
2025-07-18T14:54:00Z,1,0,0,Fitbit App
2025-07-18T14:55:00Z,1,0,0,Fitbit App
2025-07-18T14:56:00Z,1,0,0,Fitbit App
2025-07-18T15:02:00Z,1,0,0,Fitbit App
2025-07-18T15:03:00Z,1,0,0,Fitbit App
2025-07-18T15:04:00Z,1,0,0,Fitbit App
2025-07-18T15:05:00Z,1,0,0,Fitbit App
2025-07-18T15:06:00Z,1,0,0,Fitbit App
2025-07-18T15:07:00Z,1,0,0,Fitbit App
2025-07-18T15:12:00Z,1,0,0,Fitbit App
2025-07-18T15:13:00Z,1,0,0,Fitbit App
2025-07-18T15:18:00Z,1,0,0,Fitbit App
2025-07-18T15:19:00Z,1,0,0,Fitbit App
2025-07-18T15:20:00Z,1,0,0,Fitbit App
2025-07-18T15:21:00Z,1,0,0,Fitbit App
2025-07-18T15:24:00Z,1,0,0,Fitbit App
2025-07-18T17:25:45Z,1,0,0,Fitbit App
2025-07-18T17:26:45Z,1,0,0,Fitbit App
2025-07-18T17:27:10Z,1,0,0,Fitbit App
2025-07-18T17:28:10Z,1,0,0,Fitbit App
2025-07-18T17:29:10Z,1,0,0,Fitbit App
2025-07-19T07:52:10Z,1,0,0,Fitbit App
2025-07-19T07:53:10Z,1,0,0,Fitbit App
2025-07-19T07:54:10Z,1,0,0,Fitbit App
2025-07-19T07:55:10Z,1,0,0,Fitbit App
2025-07-19T07:56:10Z,1,0,0,Fitbit App
2025-07-19T07:57:10Z,1,0,0,Fitbit App
2025-07-19T08:08:10Z,1,0,0,Fitbit App
2025-07-19T08:09:10Z,1,0,0,Fitbit App
2025-07-19T08:10:10Z,1,0,0,Fitbit App
2025-07-19T08:11:10Z,1,0,0,Fitbit App
2025-07-19T08:59:00Z,1,0,0,Fitbit App
2025-07-19T09:00:00Z,0,1,0,Fitbit App
2025-07-19T09:01:00Z,0,1,0,Fitbit App
2025-07-19T09:02:00Z,0,0,1,Fitbit App
2025-07-19T09:03:00Z,0,0,1,Fitbit App
2025-07-19T09:04:00Z,0,1,0,Fitbit App
2025-07-19T09:05:00Z,0,0,1,Fitbit App
2025-07-19T09:06:00Z,1,0,0,Fitbit App
2025-07-19T09:07:00Z,0,0,1,Fitbit App
2025-07-19T09:08:00Z,0,0,1,Fitbit App
2025-07-19T09:09:00Z,1,0,0,Fitbit App
2025-07-19T09:10:00Z,0,1,0,Fitbit App
2025-07-19T09:11:00Z,0,1,0,Fitbit App
2025-07-19T09:12:00Z,0,1,0,Fitbit App
2025-07-19T09:13:00Z,1,0,0,Fitbit App
2025-07-19T09:14:00Z,0,1,0,Fitbit App
2025-07-19T09:15:00Z,1,0,0,Fitbit App
2025-07-19T11:44:10Z,1,0,0,Fitbit App
2025-07-19T11:45:10Z,1,0,0,Fitbit App
2025-07-19T11:46:10Z,1,0,0,Fitbit App
2025-07-19T11:47:10Z,0,1,0,Fitbit App
2025-07-19T11:48:10Z,0,1,0,Fitbit App
2025-07-19T11:49:10Z,0,1,0,Fitbit App
2025-07-19T11:50:10Z,0,1,0,Fitbit App
2025-07-19T11:51:10Z,0,1,0,Fitbit App
2025-07-19T11:52:10Z,0,0,1,Fitbit App
2025-07-19T11:53:10Z,0,0,1,Fitbit App
2025-07-19T11:54:10Z,0,1,0,Fitbit App
2025-07-19T11:55:10Z,0,1,0,Fitbit App
2025-07-19T11:56:10Z,0,0,1,Fitbit App
2025-07-19T11:57:10Z,0,1,0,Fitbit App
2025-07-19T11:59:10Z,1,0,0,Fitbit App
2025-07-19T12:00:10Z,0,0,1,Fitbit App
2025-07-19T12:12:10Z,1,0,0,Fitbit App
2025-07-19T12:13:10Z,1,0,0,Fitbit App
2025-07-19T12:14:10Z,1,0,0,Fitbit App
2025-07-19T12:15:10Z,1,0,0,Fitbit App
2025-07-19T12:27:10Z,1,0,0,Fitbit App
2025-07-19T12:28:10Z,1,0,0,Fitbit App
2025-07-19T12:29:10Z,1,0,0,Fitbit App
2025-07-19T12:30:10Z,1,0,0,Fitbit App
2025-07-19T12:37:10Z,1,0,0,Fitbit App
2025-07-19T12:38:10Z,1,0,0,Fitbit App
2025-07-19T12:39:10Z,1,0,0,Fitbit App
2025-07-19T12:40:10Z,1,0,0,Fitbit App
2025-07-19T12:41:10Z,1,0,0,Fitbit App
2025-07-19T12:42:10Z,1,0,0,Fitbit App
2025-07-19T12:43:10Z,1,0,0,Fitbit App
2025-07-19T12:44:10Z,1,0,0,Fitbit App
2025-07-19T12:45:10Z,1,0,0,Fitbit App
2025-07-19T12:46:10Z,1,0,0,Fitbit App
2025-07-19T12:48:10Z,1,0,0,Fitbit App
2025-07-19T12:49:10Z,1,0,0,Fitbit App
2025-07-19T12:50:10Z,1,0,0,Fitbit App
2025-07-19T12:51:10Z,1,0,0,Fitbit App
2025-07-19T12:52:10Z,1,0,0,Fitbit App
2025-07-19T12:54:10Z,1,0,0,Fitbit App
2025-07-19T12:55:10Z,1,0,0,Fitbit App
2025-07-19T12:56:10Z,1,0,0,Fitbit App
2025-07-19T12:57:10Z,1,0,0,Fitbit App
2025-07-19T12:58:10Z,1,0,0,Fitbit App
2025-07-19T13:00:10Z,1,0,0,Fitbit App
2025-07-19T13:01:10Z,1,0,0,Fitbit App
2025-07-19T13:02:10Z,1,0,0,Fitbit App
2025-07-19T13:20:10Z,1,0,0,Fitbit App
2025-07-19T13:21:10Z,0,0,1,Fitbit App
2025-07-19T13:22:10Z,0,0,1,Fitbit App
2025-07-19T13:23:10Z,0,1,0,Fitbit App
2025-07-19T13:24:10Z,0,0,1,Fitbit App
2025-07-19T13:25:10Z,0,0,1,Fitbit App
2025-07-19T13:26:10Z,0,0,1,Fitbit App
2025-07-19T13:27:10Z,0,1,0,Fitbit App
2025-07-19T13:28:10Z,0,1,0,Fitbit App
2025-07-19T13:29:10Z,0,1,0,Fitbit App
2025-07-19T13:30:10Z,0,1,0,Fitbit App
2025-07-19T13:31:10Z,1,0,0,Fitbit App
2025-07-19T13:34:10Z,1,0,0,Fitbit App
2025-07-19T13:35:10Z,1,0,0,Fitbit App
2025-07-19T13:36:10Z,1,0,0,Fitbit App
2025-07-19T13:37:10Z,1,0,0,Fitbit App
2025-07-19T13:38:10Z,1,0,0,Fitbit App
2025-07-19T14:42:00Z,1,0,0,Fitbit App
2025-07-19T14:43:00Z,1,0,0,Fitbit App
2025-07-19T14:44:00Z,1,0,0,Fitbit App
2025-07-19T14:45:00Z,1,0,0,Fitbit App
2025-07-19T14:46:00Z,1,0,0,Fitbit App
2025-07-19T14:47:00Z,1,0,0,Fitbit App
2025-07-19T14:48:00Z,1,0,0,Fitbit App
2025-07-19T14:49:00Z,1,0,0,Fitbit App
2025-07-19T14:50:00Z,1,0,0,Fitbit App
2025-07-19T14:51:00Z,1,0,0,Fitbit App
2025-07-19T14:52:00Z,1,0,0,Fitbit App
2025-07-19T14:53:00Z,1,0,0,Fitbit App
2025-07-19T14:54:00Z,1,0,0,Fitbit App
2025-07-19T14:56:00Z,1,0,0,Fitbit App
2025-07-19T14:57:00Z,1,0,0,Fitbit App
2025-07-19T15:07:00Z,1,0,0,Fitbit App
2025-07-19T15:08:00Z,1,0,0,Fitbit App
2025-07-19T15:09:00Z,1,0,0,Fitbit App
2025-07-19T15:10:00Z,1,0,0,Fitbit App
2025-07-19T15:14:00Z,1,0,0,Fitbit App
2025-07-19T20:41:10Z,1,0,0,Fitbit App
2025-07-20T00:11:10Z,1,0,0,Fitbit App
2025-07-20T07:44:10Z,1,0,0,Fitbit App
2025-07-20T07:45:10Z,1,0,0,Fitbit App
2025-07-20T07:46:10Z,1,0,0,Fitbit App
2025-07-20T07:47:10Z,1,0,0,Fitbit App
2025-07-20T07:48:10Z,1,0,0,Fitbit App
2025-07-20T08:03:10Z,1,0,0,Fitbit App
2025-07-20T08:04:10Z,1,0,0,Fitbit App
2025-07-20T08:05:10Z,1,0,0,Fitbit App
2025-07-20T08:06:10Z,1,0,0,Fitbit App
2025-07-20T08:07:10Z,1,0,0,Fitbit App
2025-07-20T10:42:10Z,1,0,0,Fitbit App
2025-07-20T10:43:10Z,1,0,0,Fitbit App
2025-07-20T10:44:10Z,1,0,0,Fitbit App
2025-07-20T10:45:10Z,1,0,0,Fitbit App
2025-07-20T11:04:10Z,1,0,0,Fitbit App
2025-07-20T11:05:10Z,1,0,0,Fitbit App
2025-07-20T11:06:10Z,1,0,0,Fitbit App
2025-07-20T11:07:10Z,1,0,0,Fitbit App
2025-07-20T11:08:10Z,1,0,0,Fitbit App
2025-07-20T11:09:10Z,1,0,0,Fitbit App
2025-07-20T11:10:10Z,1,0,0,Fitbit App
2025-07-20T11:11:10Z,1,0,0,Fitbit App
2025-07-20T11:12:10Z,1,0,0,Fitbit App
2025-07-20T11:13:10Z,1,0,0,Fitbit App
2025-07-20T11:19:10Z,1,0,0,Fitbit App
2025-07-20T11:20:10Z,1,0,0,Fitbit App
2025-07-20T11:21:10Z,1,0,0,Fitbit App
2025-07-20T11:22:10Z,1,0,0,Fitbit App
2025-07-20T11:23:10Z,1,0,0,Fitbit App
2025-07-20T11:24:10Z,1,0,0,Fitbit App
2025-07-20T11:25:10Z,1,0,0,Fitbit App
2025-07-20T11:26:10Z,1,0,0,Fitbit App
2025-07-20T11:27:10Z,1,0,0,Fitbit App
2025-07-20T11:28:10Z,1,0,0,Fitbit App
2025-07-20T11:29:10Z,1,0,0,Fitbit App
2025-07-20T11:30:10Z,1,0,0,Fitbit App
2025-07-20T11:33:10Z,1,0,0,Fitbit App
2025-07-20T11:34:10Z,1,0,0,Fitbit App
2025-07-20T11:41:10Z,1,0,0,Fitbit App
2025-07-20T11:42:10Z,1,0,0,Fitbit App
2025-07-20T11:56:10Z,1,0,0,Fitbit App
2025-07-20T11:57:10Z,1,0,0,Fitbit App
2025-07-20T12:03:10Z,1,0,0,Fitbit App
2025-07-20T12:04:10Z,1,0,0,Fitbit App
2025-07-20T12:05:10Z,1,0,0,Fitbit App
2025-07-20T12:08:10Z,1,0,0,Fitbit App
2025-07-20T12:09:10Z,1,0,0,Fitbit App
2025-07-20T12:10:10Z,1,0,0,Fitbit App
2025-07-20T12:11:10Z,1,0,0,Fitbit App
2025-07-20T12:14:10Z,1,0,0,Fitbit App
2025-07-20T12:15:32Z,1,0,0,Fitbit App
2025-07-20T12:16:32Z,1,0,0,Fitbit App
2025-07-20T12:18:32Z,1,0,0,Fitbit App
2025-07-20T12:19:32Z,1,0,0,Fitbit App
2025-07-20T12:20:32Z,1,0,0,Fitbit App
2025-07-20T12:21:32Z,1,0,0,Fitbit App
2025-07-20T13:31:00Z,1,0,0,Fitbit App
2025-07-20T13:32:00Z,1,0,0,Fitbit App
2025-07-20T13:36:00Z,1,0,0,Fitbit App
2025-07-20T13:37:00Z,1,0,0,Fitbit App
2025-07-20T13:38:00Z,1,0,0,Fitbit App
2025-07-20T13:39:00Z,1,0,0,Fitbit App
2025-07-20T13:40:00Z,1,0,0,Fitbit App
2025-07-20T13:41:00Z,1,0,0,Fitbit App
2025-07-20T13:44:00Z,1,0,0,Fitbit App
2025-07-20T13:45:00Z,1,0,0,Fitbit App
2025-07-20T13:46:00Z,1,0,0,Fitbit App
2025-07-20T13:47:00Z,1,0,0,Fitbit App
2025-07-20T13:48:00Z,1,0,0,Fitbit App
2025-07-20T13:49:00Z,1,0,0,Fitbit App
2025-07-20T13:50:00Z,1,0,0,Fitbit App
2025-07-20T13:51:00Z,1,0,0,Fitbit App
2025-07-20T13:52:00Z,1,0,0,Fitbit App
2025-07-20T13:53:00Z,1,0,0,Fitbit App
2025-07-20T13:54:00Z,1,0,0,Fitbit App
2025-07-20T13:55:00Z,1,0,0,Fitbit App
2025-07-20T14:28:00Z,1,0,0,Fitbit App
2025-07-20T14:29:00Z,1,0,0,Fitbit App
2025-07-21T01:43:32Z,1,0,0,Fitbit App
2025-07-21T01:44:32Z,1,0,0,Fitbit App
2025-07-21T01:45:32Z,1,0,0,Fitbit App
2025-07-21T04:45:32Z,1,0,0,Fitbit App
2025-07-21T04:46:32Z,1,0,0,Fitbit App
2025-07-21T08:45:32Z,1,0,0,Fitbit App
2025-07-21T08:46:00Z,1,0,0,Fitbit App
2025-07-21T08:47:00Z,1,0,0,Fitbit App
2025-07-21T08:48:00Z,0,1,0,Fitbit App
2025-07-21T08:49:00Z,1,0,0,Fitbit App
2025-07-21T08:50:00Z,0,1,0,Fitbit App
2025-07-21T08:51:00Z,0,0,1,Fitbit App
2025-07-21T08:52:00Z,0,0,1,Fitbit App
2025-07-21T08:53:00Z,0,1,0,Fitbit App
2025-07-21T08:54:00Z,0,0,1,Fitbit App
2025-07-21T08:55:00Z,0,1,0,Fitbit App
2025-07-21T08:56:00Z,0,0,1,Fitbit App
2025-07-21T08:57:00Z,0,0,1,Fitbit App
2025-07-21T08:58:00Z,0,1,0,Fitbit App
2025-07-21T08:59:00Z,0,0,1,Fitbit App
2025-07-21T09:00:00Z,0,1,0,Fitbit App
2025-07-21T09:01:00Z,1,0,0,Fitbit App
2025-07-21T09:02:00Z,0,1,0,Fitbit App
2025-07-21T09:03:00Z,0,1,0,Fitbit App
2025-07-21T09:04:00Z,0,0,1,Fitbit App
2025-07-21T09:05:00Z,1,0,0,Fitbit App
2025-07-21T09:17:00Z,1,0,0,Fitbit App
2025-07-21T09:24:00Z,1,0,0,Fitbit App
2025-07-21T09:28:00Z,1,0,0,Fitbit App
2025-07-21T10:06:00Z,1,0,0,Fitbit App
2025-07-21T10:38:00Z,1,0,0,Fitbit App
2025-07-21T10:50:00Z,1,0,0,Fitbit App
2025-07-21T10:52:00Z,1,0,0,Fitbit App
2025-07-21T10:55:00Z,1,0,0,Fitbit App
2025-07-21T11:10:00Z,1,0,0,Fitbit App
2025-07-21T11:15:00Z,1,0,0,Fitbit App
2025-07-21T14:13:00Z,1,0,0,Fitbit App
2025-07-21T15:12:00Z,1,0,0,Fitbit App
2025-07-21T17:14:00Z,1,0,0,Fitbit App
2025-07-21T19:52:32Z,1,0,0,Fitbit App
2025-07-21T19:53:32Z,1,0,0,Fitbit App
2025-07-21T19:54:32Z,1,0,0,Fitbit App
2025-07-21T19:55:32Z,1,0,0,Fitbit App
2025-07-21T19:56:32Z,1,0,0,Fitbit App
2025-07-21T19:57:32Z,1,0,0,Fitbit App
2025-07-21T19:58:32Z,1,0,0,Fitbit App
2025-07-21T19:59:32Z,1,0,0,Fitbit App
2025-07-21T20:00:32Z,1,0,0,Fitbit App
2025-07-21T20:01:32Z,1,0,0,Fitbit App
2025-07-22T08:12:32Z,1,0,0,Fitbit App
2025-07-22T08:13:32Z,1,0,0,Fitbit App
2025-07-22T08:14:32Z,1,0,0,Fitbit App
2025-07-22T08:15:32Z,1,0,0,Fitbit App
2025-07-22T08:16:32Z,1,0,0,Fitbit App
2025-07-22T08:17:32Z,1,0,0,Fitbit App
2025-07-22T08:31:32Z,1,0,0,Fitbit App
2025-07-22T08:32:32Z,1,0,0,Fitbit App
2025-07-22T08:33:32Z,1,0,0,Fitbit App
2025-07-22T08:34:32Z,1,0,0,Fitbit App
2025-07-22T10:17:00Z,1,0,0,Fitbit App
2025-07-22T10:51:00Z,1,0,0,Fitbit App
2025-07-22T10:52:00Z,1,0,0,Fitbit App
2025-07-22T11:11:00Z,1,0,0,Fitbit App
2025-07-22T11:12:00Z,1,0,0,Fitbit App
2025-07-22T11:13:00Z,1,0,0,Fitbit App
2025-07-22T11:14:00Z,1,0,0,Fitbit App
2025-07-22T11:19:00Z,0,1,0,Fitbit App
2025-07-22T11:20:00Z,0,1,0,Fitbit App
2025-07-22T11:21:00Z,0,1,0,Fitbit App
2025-07-22T11:22:00Z,0,0,1,Fitbit App
2025-07-22T11:23:00Z,0,1,0,Fitbit App
2025-07-22T11:24:00Z,0,1,0,Fitbit App
2025-07-22T11:25:00Z,0,1,0,Fitbit App
2025-07-22T11:26:00Z,0,0,1,Fitbit App
2025-07-22T11:27:00Z,0,0,1,Fitbit App
2025-07-22T11:28:00Z,0,0,1,Fitbit App
2025-07-22T11:29:00Z,0,0,1,Fitbit App
2025-07-22T11:30:00Z,0,0,1,Fitbit App
2025-07-22T11:59:00Z,1,0,0,Fitbit App
2025-07-22T12:03:00Z,1,0,0,Fitbit App
2025-07-22T12:05:00Z,1,0,0,Fitbit App
2025-07-22T12:06:00Z,1,0,0,Fitbit App
2025-07-22T12:07:00Z,1,0,0,Fitbit App
2025-07-22T12:08:00Z,1,0,0,Fitbit App
2025-07-22T12:09:00Z,1,0,0,Fitbit App
2025-07-22T12:10:00Z,1,0,0,Fitbit App
2025-07-22T12:11:00Z,1,0,0,Fitbit App
2025-07-22T12:12:00Z,1,0,0,Fitbit App
2025-07-22T12:13:00Z,1,0,0,Fitbit App
2025-07-22T12:14:00Z,1,0,0,Fitbit App
2025-07-22T12:15:00Z,1,0,0,Fitbit App
2025-07-22T13:34:00Z,1,0,0,Fitbit App
2025-07-22T13:35:00Z,1,0,0,Fitbit App
2025-07-22T13:53:00Z,1,0,0,Fitbit App
2025-07-22T13:54:00Z,1,0,0,Fitbit App
2025-07-22T13:55:00Z,1,0,0,Fitbit App
2025-07-22T14:08:22Z,1,0,0,Fitbit App
2025-07-22T14:19:22Z,1,0,0,Fitbit App
2025-07-22T14:20:22Z,1,0,0,Fitbit App
2025-07-22T14:21:22Z,1,0,0,Fitbit App
2025-07-22T14:22:22Z,1,0,0,Fitbit App
2025-07-22T14:28:22Z,1,0,0,Fitbit App
2025-07-22T14:29:00Z,1,0,0,Fitbit App
2025-07-22T14:30:00Z,1,0,0,Fitbit App
2025-07-22T14:31:00Z,1,0,0,Fitbit App
2025-07-22T14:32:00Z,1,0,0,Fitbit App
2025-07-22T14:33:00Z,1,0,0,Fitbit App
2025-07-22T14:34:00Z,1,0,0,Fitbit App
2025-07-22T14:35:00Z,1,0,0,Fitbit App
2025-07-22T14:36:00Z,1,0,0,Fitbit App
2025-07-22T14:37:00Z,1,0,0,Fitbit App
2025-07-22T14:38:00Z,1,0,0,Fitbit App
2025-07-22T14:39:00Z,1,0,0,Fitbit App
2025-07-22T14:43:00Z,1,0,0,Fitbit App
2025-07-22T14:47:22Z,1,0,0,Fitbit App
2025-07-22T14:48:22Z,1,0,0,Fitbit App
2025-07-22T14:49:22Z,1,0,0,Fitbit App
2025-07-22T14:50:22Z,1,0,0,Fitbit App
2025-07-22T14:51:22Z,1,0,0,Fitbit App
2025-07-22T14:52:22Z,1,0,0,Fitbit App
2025-07-22T14:53:22Z,1,0,0,Fitbit App
2025-07-22T14:54:22Z,1,0,0,Fitbit App
2025-07-22T14:55:22Z,1,0,0,Fitbit App
2025-07-22T14:56:22Z,1,0,0,Fitbit App
2025-07-22T15:20:22Z,1,0,0,Fitbit App
2025-07-22T15:21:22Z,1,0,0,Fitbit App
2025-07-22T15:22:22Z,1,0,0,Fitbit App
2025-07-22T15:43:22Z,1,0,0,Fitbit App
2025-07-22T15:44:22Z,1,0,0,Fitbit App
2025-07-22T15:45:22Z,1,0,0,Fitbit App
2025-07-22T15:46:22Z,1,0,0,Fitbit App
2025-07-22T15:47:22Z,1,0,0,Fitbit App
2025-07-22T15:48:22Z,1,0,0,Fitbit App
2025-07-22T15:49:22Z,1,0,0,Fitbit App
2025-07-22T15:50:22Z,1,0,0,Fitbit App
2025-07-22T15:51:22Z,1,0,0,Fitbit App
2025-07-22T17:54:22Z,1,0,0,Fitbit App
2025-07-22T17:55:22Z,1,0,0,Fitbit App
2025-07-22T17:56:22Z,1,0,0,Fitbit App
2025-07-22T17:57:22Z,1,0,0,Fitbit App
2025-07-22T17:58:22Z,1,0,0,Fitbit App
2025-07-22T17:59:22Z,1,0,0,Fitbit App
2025-07-22T18:00:22Z,1,0,0,Fitbit App
2025-07-22T18:01:22Z,1,0,0,Fitbit App
2025-07-22T18:37:22Z,1,0,0,Fitbit App
2025-07-22T18:38:22Z,1,0,0,Fitbit App
2025-07-22T18:39:22Z,1,0,0,Fitbit App
2025-07-22T18:40:22Z,1,0,0,Fitbit App
2025-07-22T18:41:22Z,1,0,0,Fitbit App
2025-07-22T18:42:22Z,1,0,0,Fitbit App
2025-07-22T18:43:22Z,1,0,0,Fitbit App
2025-07-22T18:44:22Z,1,0,0,Fitbit App
2025-07-22T18:45:22Z,1,0,0,Fitbit App
2025-07-22T18:46:22Z,1,0,0,Fitbit App
2025-07-22T18:47:22Z,1,0,0,Fitbit App
2025-07-22T18:48:22Z,1,0,0,Fitbit App
2025-07-22T18:49:22Z,1,0,0,Fitbit App
2025-07-22T18:50:22Z,1,0,0,Fitbit App
2025-07-22T18:51:22Z,1,0,0,Fitbit App
2025-07-22T18:52:22Z,1,0,0,Fitbit App
2025-07-22T18:53:22Z,1,0,0,Fitbit App
2025-07-22T18:54:22Z,1,0,0,Fitbit App
2025-07-22T18:55:22Z,1,0,0,Fitbit App
2025-07-22T18:56:22Z,1,0,0,Fitbit App
2025-07-22T18:57:22Z,1,0,0,Fitbit App
2025-07-22T19:08:22Z,1,0,0,Fitbit App
2025-07-22T19:09:22Z,1,0,0,Fitbit App
2025-07-22T19:10:22Z,1,0,0,Fitbit App
2025-07-22T19:11:22Z,1,0,0,Fitbit App
2025-07-22T19:12:22Z,1,0,0,Fitbit App
2025-07-23T03:16:22Z,1,0,0,Fitbit App
2025-07-23T03:17:22Z,1,0,0,Fitbit App
2025-07-23T03:18:22Z,1,0,0,Fitbit App
2025-07-23T03:19:22Z,1,0,0,Fitbit App
2025-07-23T03:20:22Z,1,0,0,Fitbit App
2025-07-23T03:38:22Z,1,0,0,Fitbit App
2025-07-23T03:39:22Z,1,0,0,Fitbit App
2025-07-23T03:40:22Z,1,0,0,Fitbit App
2025-07-23T03:41:22Z,1,0,0,Fitbit App
2025-07-23T07:21:22Z,1,0,0,Fitbit App
2025-07-23T07:22:22Z,1,0,0,Fitbit App
2025-07-23T07:23:22Z,1,0,0,Fitbit App
2025-07-23T07:24:22Z,1,0,0,Fitbit App
2025-07-23T07:25:22Z,1,0,0,Fitbit App
2025-07-23T07:26:22Z,1,0,0,Fitbit App
2025-07-23T07:36:22Z,1,0,0,Fitbit App
2025-07-23T07:37:22Z,1,0,0,Fitbit App
2025-07-23T07:38:22Z,1,0,0,Fitbit App
2025-07-23T07:39:22Z,1,0,0,Fitbit App
2025-07-23T07:40:22Z,1,0,0,Fitbit App
2025-07-23T10:09:22Z,1,0,0,Fitbit App
2025-07-23T10:10:22Z,0,1,0,Fitbit App
2025-07-23T10:11:22Z,0,0,1,Fitbit App
2025-07-23T10:12:22Z,0,1,0,Fitbit App
2025-07-23T10:13:22Z,0,1,0,Fitbit App
2025-07-23T10:14:22Z,0,0,1,Fitbit App
2025-07-23T10:15:22Z,0,0,1,Fitbit App
2025-07-23T10:16:22Z,0,1,0,Fitbit App
2025-07-23T10:17:22Z,0,1,0,Fitbit App
2025-07-23T10:18:22Z,0,1,0,Fitbit App
2025-07-23T10:19:22Z,0,1,0,Fitbit App
2025-07-23T10:20:22Z,0,1,0,Fitbit App
2025-07-23T10:21:22Z,0,1,0,Fitbit App
2025-07-23T10:22:22Z,1,0,0,Fitbit App
2025-07-23T10:23:22Z,0,1,0,Fitbit App
2025-07-23T10:24:22Z,1,0,0,Fitbit App
2025-07-23T11:22:22Z,1,0,0,Fitbit App
2025-07-23T11:23:22Z,1,0,0,Fitbit App
2025-07-23T11:24:22Z,1,0,0,Fitbit App
2025-07-23T11:25:22Z,1,0,0,Fitbit App
2025-07-23T11:26:22Z,1,0,0,Fitbit App
2025-07-23T11:27:22Z,1,0,0,Fitbit App
2025-07-23T11:50:22Z,1,0,0,Fitbit App
2025-07-23T11:51:22Z,1,0,0,Fitbit App
2025-07-23T11:52:22Z,0,1,0,Fitbit App
2025-07-23T11:53:22Z,0,1,0,Fitbit App
2025-07-23T11:54:22Z,0,1,0,Fitbit App
2025-07-23T11:55:22Z,0,0,1,Fitbit App
2025-07-23T11:56:22Z,0,0,1,Fitbit App
2025-07-23T11:57:22Z,0,0,1,Fitbit App
2025-07-23T11:58:22Z,0,0,1,Fitbit App
2025-07-23T11:59:22Z,0,0,1,Fitbit App
2025-07-23T12:00:22Z,1,0,0,Fitbit App
2025-07-23T12:01:22Z,0,0,1,Fitbit App
2025-07-23T12:02:22Z,0,1,0,Fitbit App
2025-07-23T12:03:22Z,1,0,0,Fitbit App
2025-07-23T12:04:22Z,1,0,0,Fitbit App
2025-07-23T12:09:22Z,1,0,0,Fitbit App
2025-07-23T12:10:22Z,0,1,0,Fitbit App
2025-07-23T12:11:22Z,0,0,1,Fitbit App
2025-07-23T12:12:22Z,1,0,0,Fitbit App
2025-07-23T12:13:22Z,0,1,0,Fitbit App
2025-07-23T12:14:22Z,0,0,1,Fitbit App
2025-07-23T12:15:22Z,1,0,0,Fitbit App
2025-07-23T12:16:22Z,0,0,1,Fitbit App
2025-07-23T12:17:22Z,0,0,1,Fitbit App
2025-07-23T12:18:22Z,0,0,1,Fitbit App
2025-07-23T12:19:22Z,0,0,1,Fitbit App
2025-07-23T12:20:22Z,0,0,1,Fitbit App
2025-07-23T12:21:22Z,0,1,0,Fitbit App
2025-07-23T12:22:22Z,1,0,0,Fitbit App
2025-07-23T12:23:22Z,0,1,0,Fitbit App
2025-07-23T12:24:22Z,0,1,0,Fitbit App
2025-07-23T12:25:22Z,1,0,0,Fitbit App
2025-07-23T14:08:22Z,1,0,0,Fitbit App
2025-07-23T14:09:22Z,1,0,0,Fitbit App
2025-07-23T14:10:22Z,1,0,0,Fitbit App
2025-07-23T14:11:22Z,1,0,0,Fitbit App
2025-07-23T14:12:22Z,1,0,0,Fitbit App
2025-07-23T14:13:22Z,1,0,0,Fitbit App
2025-07-23T14:46:22Z,1,0,0,Fitbit App
2025-07-23T14:47:22Z,1,0,0,Fitbit App
2025-07-23T14:48:22Z,0,0,1,Fitbit App
2025-07-23T14:49:22Z,0,0,1,Fitbit App
2025-07-23T14:50:22Z,1,0,0,Fitbit App
2025-07-23T14:51:22Z,1,0,0,Fitbit App
2025-07-23T14:52:22Z,0,0,1,Fitbit App
2025-07-23T14:53:22Z,0,0,1,Fitbit App
2025-07-23T14:54:22Z,0,1,0,Fitbit App
2025-07-23T14:55:22Z,0,1,0,Fitbit App
2025-07-23T14:56:22Z,0,1,0,Fitbit App
2025-07-23T14:57:22Z,0,0,1,Fitbit App
2025-07-23T14:58:22Z,1,0,0,Fitbit App
2025-07-23T14:59:22Z,1,0,0,Fitbit App
2025-07-23T15:00:22Z,0,1,0,Fitbit App
2025-07-23T15:01:22Z,0,1,0,Fitbit App
2025-07-23T15:02:22Z,0,1,0,Fitbit App
2025-07-23T15:03:22Z,1,0,0,Fitbit App
2025-07-23T15:04:22Z,0,0,1,Fitbit App
2025-07-23T15:05:22Z,1,0,0,Fitbit App
2025-07-23T15:09:22Z,1,0,0,Fitbit App
2025-07-23T15:10:22Z,1,0,0,Fitbit App
2025-07-23T15:19:22Z,1,0,0,Fitbit App
2025-07-23T15:20:22Z,0,1,0,Fitbit App
2025-07-23T15:21:22Z,0,0,1,Fitbit App
2025-07-23T15:22:22Z,0,1,0,Fitbit App
2025-07-23T15:23:22Z,0,0,1,Fitbit App
2025-07-23T15:24:22Z,0,0,1,Fitbit App
2025-07-23T15:25:22Z,0,0,1,Fitbit App
2025-07-23T15:26:22Z,0,0,1,Fitbit App
2025-07-23T15:27:22Z,0,0,1,Fitbit App
2025-07-23T15:28:22Z,0,1,0,Fitbit App
2025-07-23T15:29:22Z,1,0,0,Fitbit App
2025-07-23T15:30:22Z,0,1,0,Fitbit App
2025-07-23T15:31:22Z,0,1,0,Fitbit App
2025-07-23T16:53:22Z,1,0,0,Fitbit App
2025-07-23T16:54:22Z,1,0,0,Fitbit App
2025-07-23T16:55:22Z,1,0,0,Fitbit App
2025-07-23T16:56:22Z,1,0,0,Fitbit App
2025-07-23T16:57:22Z,1,0,0,Fitbit App
2025-07-23T16:58:22Z,1,0,0,Fitbit App
2025-07-23T16:59:22Z,1,0,0,Fitbit App
2025-07-23T17:00:22Z,1,0,0,Fitbit App
2025-07-23T17:01:22Z,1,0,0,Fitbit App
2025-07-23T17:02:22Z,1,0,0,Fitbit App
2025-07-23T17:03:22Z,1,0,0,Fitbit App
2025-07-23T18:38:22Z,1,0,0,Fitbit App
2025-07-23T18:39:22Z,1,0,0,Fitbit App
2025-07-23T18:40:22Z,1,0,0,Fitbit App
2025-07-23T18:41:22Z,1,0,0,Fitbit App
2025-07-23T18:42:22Z,1,0,0,Fitbit App
2025-07-23T18:43:22Z,1,0,0,Fitbit App
2025-07-23T18:44:22Z,1,0,0,Fitbit App
2025-07-23T18:45:22Z,1,0,0,Fitbit App
2025-07-23T18:46:22Z,1,0,0,Fitbit App
2025-07-23T18:47:22Z,1,0,0,Fitbit App
2025-07-23T18:48:22Z,1,0,0,Fitbit App
2025-07-23T18:49:22Z,1,0,0,Fitbit App
2025-07-23T18:50:22Z,1,0,0,Fitbit App
2025-07-23T18:51:22Z,1,0,0,Fitbit App
2025-07-23T18:52:22Z,1,0,0,Fitbit App
2025-07-23T20:09:22Z,1,0,0,Fitbit App
2025-07-23T20:10:22Z,0,1,0,Fitbit App
2025-07-23T20:11:22Z,0,0,1,Fitbit App
2025-07-23T20:12:22Z,0,0,1,Fitbit App
2025-07-23T20:13:22Z,0,1,0,Fitbit App
2025-07-23T20:14:22Z,1,0,0,Fitbit App
2025-07-23T20:15:22Z,1,0,0,Fitbit App
2025-07-23T20:16:22Z,0,1,0,Fitbit App
2025-07-23T20:17:22Z,0,0,1,Fitbit App
2025-07-23T20:18:22Z,0,0,1,Fitbit App
2025-07-23T20:19:22Z,0,1,0,Fitbit App
2025-07-23T20:20:22Z,1,0,0,Fitbit App
2025-07-24T03:18:22Z,1,0,0,Fitbit App
2025-07-24T03:19:22Z,1,0,0,Fitbit App
2025-07-24T03:20:22Z,1,0,0,Fitbit App
2025-07-24T03:21:22Z,1,0,0,Fitbit App
2025-07-24T03:22:22Z,1,0,0,Fitbit App
2025-07-24T03:23:22Z,1,0,0,Fitbit App
2025-07-24T03:32:22Z,1,0,0,Fitbit App
2025-07-24T03:33:22Z,1,0,0,Fitbit App
2025-07-24T03:34:22Z,1,0,0,Fitbit App
2025-07-24T03:35:22Z,1,0,0,Fitbit App
2025-07-24T03:36:22Z,1,0,0,Fitbit App
2025-07-24T03:37:22Z,1,0,0,Fitbit App
2025-07-24T03:38:22Z,1,0,0,Fitbit App
2025-07-24T08:11:22Z,1,0,0,Fitbit App
2025-07-24T08:12:22Z,1,0,0,Fitbit App
2025-07-24T08:13:22Z,1,0,0,Fitbit App
2025-07-24T08:14:22Z,1,0,0,Fitbit App
2025-07-24T08:15:22Z,1,0,0,Fitbit App
2025-07-24T08:31:22Z,1,0,0,Fitbit App
2025-07-24T08:32:22Z,1,0,0,Fitbit App
2025-07-24T08:33:22Z,1,0,0,Fitbit App
2025-07-24T08:34:22Z,1,0,0,Fitbit App
2025-07-24T10:22:22Z,1,0,0,Fitbit App
2025-07-24T10:23:22Z,1,0,0,Fitbit App
2025-07-24T11:11:22Z,1,0,0,Fitbit App
2025-07-24T11:12:22Z,0,0,1,Fitbit App
2025-07-24T11:13:22Z,0,0,1,Fitbit App
2025-07-24T11:14:22Z,1,0,0,Fitbit App
2025-07-24T11:15:22Z,0,1,0,Fitbit App
2025-07-24T11:16:22Z,0,0,1,Fitbit App
2025-07-24T11:17:22Z,0,1,0,Fitbit App
2025-07-24T11:18:22Z,0,0,1,Fitbit App
2025-07-24T11:19:22Z,1,0,0,Fitbit App
2025-07-24T11:20:22Z,0,1,0,Fitbit App
2025-07-24T11:21:22Z,0,1,0,Fitbit App
2025-07-24T11:22:22Z,1,0,0,Fitbit App
2025-07-24T11:23:22Z,0,1,0,Fitbit App
2025-07-24T11:24:22Z,0,1,0,Fitbit App
2025-07-24T11:25:22Z,0,1,0,Fitbit App
2025-07-24T11:26:22Z,0,0,1,Fitbit App
2025-07-24T11:27:22Z,0,0,1,Fitbit App
2025-07-24T11:28:22Z,0,1,0,Fitbit App
2025-07-24T11:29:22Z,0,1,0,Fitbit App
2025-07-24T11:30:22Z,0,1,0,Fitbit App
2025-07-24T12:05:22Z,1,0,0,Fitbit App
2025-07-24T12:06:22Z,1,0,0,Fitbit App
2025-07-24T12:09:22Z,1,0,0,Fitbit App
2025-07-24T12:10:22Z,1,0,0,Fitbit App
2025-07-24T12:14:22Z,1,0,0,Fitbit App
2025-07-24T12:15:22Z,1,0,0,Fitbit App
2025-07-24T12:16:22Z,1,0,0,Fitbit App
2025-07-24T12:17:22Z,1,0,0,Fitbit App
2025-07-24T12:18:22Z,1,0,0,Fitbit App
2025-07-24T12:19:22Z,1,0,0,Fitbit App
2025-07-24T12:20:22Z,1,0,0,Fitbit App
2025-07-24T15:02:22Z,1,0,0,Fitbit App
2025-07-24T15:03:22Z,1,0,0,Fitbit App
2025-07-24T15:04:22Z,1,0,0,Fitbit App
2025-07-24T15:05:22Z,1,0,0,Fitbit App
2025-07-24T15:06:22Z,1,0,0,Fitbit App
2025-07-24T15:07:22Z,1,0,0,Fitbit App
2025-07-24T15:08:22Z,1,0,0,Fitbit App
2025-07-24T15:16:22Z,1,0,0,Fitbit App
2025-07-24T15:17:22Z,1,0,0,Fitbit App
2025-07-24T15:18:22Z,1,0,0,Fitbit App
2025-07-24T15:19:22Z,1,0,0,Fitbit App
2025-07-24T19:14:22Z,1,0,0,Fitbit App
2025-07-24T19:15:22Z,1,0,0,Fitbit App
2025-07-24T20:28:22Z,1,0,0,Fitbit App
2025-07-24T20:29:22Z,1,0,0,Fitbit App
2025-07-24T20:30:22Z,1,0,0,Fitbit App
2025-07-24T20:31:22Z,1,0,0,Fitbit App
2025-07-24T20:32:22Z,1,0,0,Fitbit App
2025-07-24T20:33:22Z,1,0,0,Fitbit App
2025-07-24T20:34:22Z,1,0,0,Fitbit App
2025-07-24T20:35:22Z,1,0,0,Fitbit App
2025-07-24T20:36:22Z,1,0,0,Fitbit App
2025-07-24T20:37:22Z,1,0,0,Fitbit App
2025-07-24T20:38:22Z,1,0,0,Fitbit App
2025-07-24T20:39:22Z,1,0,0,Fitbit App
2025-07-25T08:01:22Z,1,0,0,Fitbit App
2025-07-25T08:02:22Z,1,0,0,Fitbit App
2025-07-25T08:03:22Z,1,0,0,Fitbit App
2025-07-25T08:04:22Z,1,0,0,Fitbit App
2025-07-25T08:05:22Z,1,0,0,Fitbit App
2025-07-25T08:06:22Z,1,0,0,Fitbit App
2025-07-25T08:07:22Z,1,0,0,Fitbit App
2025-07-25T08:15:22Z,1,0,0,Fitbit App
2025-07-25T08:16:22Z,1,0,0,Fitbit App
2025-07-25T08:17:22Z,1,0,0,Fitbit App
2025-07-25T08:18:22Z,1,0,0,Fitbit App
2025-07-25T10:59:22Z,1,0,0,Fitbit App
2025-07-25T11:00:22Z,0,0,1,Fitbit App
2025-07-25T11:01:22Z,0,0,1,Fitbit App
2025-07-25T11:02:22Z,1,0,0,Fitbit App
2025-07-25T11:03:22Z,0,1,0,Fitbit App
2025-07-25T11:04:22Z,0,1,0,Fitbit App
2025-07-25T11:05:22Z,0,1,0,Fitbit App
2025-07-25T11:06:22Z,0,0,1,Fitbit App
2025-07-25T11:07:22Z,0,1,0,Fitbit App
2025-07-25T11:08:22Z,1,0,0,Fitbit App
2025-07-25T11:09:22Z,0,1,0,Fitbit App
2025-07-25T11:10:22Z,0,0,1,Fitbit App
2025-07-25T11:11:22Z,1,0,0,Fitbit App
2025-07-25T11:12:22Z,0,1,0,Fitbit App
2025-07-25T11:13:22Z,0,1,0,Fitbit App
2025-07-25T11:14:22Z,0,1,0,Fitbit App
2025-07-25T11:15:22Z,0,1,0,Fitbit App
2025-07-25T11:16:22Z,0,1,0,Fitbit App
2025-07-25T11:17:22Z,0,1,0,Fitbit App
2025-07-25T11:18:22Z,0,1,0,Fitbit App
2025-07-25T11:19:22Z,0,1,0,Fitbit App
2025-07-25T11:20:22Z,1,0,0,Fitbit App
2025-07-25T11:21:22Z,0,1,0,Fitbit App
2025-07-25T11:26:22Z,1,0,0,Fitbit App
2025-07-25T11:27:22Z,1,0,0,Fitbit App
2025-07-25T11:28:22Z,1,0,0,Fitbit App
2025-07-25T11:29:22Z,1,0,0,Fitbit App
2025-07-25T15:01:22Z,1,0,0,Fitbit App
2025-07-25T15:02:22Z,1,0,0,Fitbit App
2025-07-25T15:03:22Z,1,0,0,Fitbit App
2025-07-25T15:04:22Z,1,0,0,Fitbit App
2025-07-25T15:05:22Z,1,0,0,Fitbit App
2025-07-25T15:06:22Z,1,0,0,Fitbit App
2025-07-25T15:24:22Z,1,0,0,Fitbit App
2025-07-25T15:25:22Z,1,0,0,Fitbit App
2025-07-25T15:26:22Z,1,0,0,Fitbit App
2025-07-25T15:27:22Z,1,0,0,Fitbit App
2025-07-25T15:28:22Z,1,0,0,Fitbit App
2025-07-25T16:45:22Z,1,0,0,Fitbit App
2025-07-25T16:46:22Z,1,0,0,Fitbit App
2025-07-26T08:18:22Z,1,0,0,Fitbit App
2025-07-26T08:19:22Z,1,0,0,Fitbit App
2025-07-26T08:20:22Z,1,0,0,Fitbit App
2025-07-26T08:21:22Z,1,0,0,Fitbit App
2025-07-26T08:22:22Z,1,0,0,Fitbit App
2025-07-26T08:23:22Z,1,0,0,Fitbit App
2025-07-26T08:24:22Z,1,0,0,Fitbit App
2025-07-26T08:25:22Z,1,0,0,Fitbit App
2025-07-26T08:26:22Z,1,0,0,Fitbit App
2025-07-26T08:27:22Z,1,0,0,Fitbit App
2025-07-26T08:29:22Z,1,0,0,Fitbit App
2025-07-26T08:30:22Z,1,0,0,Fitbit App
2025-07-26T08:31:22Z,1,0,0,Fitbit App
2025-07-26T08:42:22Z,1,0,0,Fitbit App
2025-07-26T08:43:22Z,1,0,0,Fitbit App
2025-07-26T08:44:22Z,1,0,0,Fitbit App
2025-07-26T08:45:22Z,1,0,0,Fitbit App
2025-07-26T08:46:22Z,1,0,0,Fitbit App
2025-07-26T08:47:22Z,1,0,0,Fitbit App
2025-07-26T12:21:22Z,1,0,0,Fitbit App
2025-07-26T12:22:22Z,1,0,0,Fitbit App
2025-07-26T12:23:22Z,1,0,0,Fitbit App
2025-07-26T12:25:22Z,1,0,0,Fitbit App
2025-07-26T12:26:22Z,1,0,0,Fitbit App
2025-07-26T12:31:22Z,1,0,0,Fitbit App
2025-07-26T12:32:22Z,1,0,0,Fitbit App
2025-07-26T12:33:22Z,1,0,0,Fitbit App
2025-07-26T12:34:22Z,1,0,0,Fitbit App
2025-07-26T12:35:22Z,1,0,0,Fitbit App
2025-07-26T12:36:22Z,1,0,0,Fitbit App
2025-07-26T13:16:00Z,1,0,0,Fitbit App
2025-07-26T13:17:00Z,0,0,1,Fitbit App
2025-07-26T13:18:22Z,0,1,0,Fitbit App
2025-07-26T13:19:22Z,0,0,1,Fitbit App
2025-07-26T13:20:22Z,0,0,1,Fitbit App
2025-07-26T13:21:22Z,0,0,1,Fitbit App
2025-07-26T13:22:22Z,0,1,0,Fitbit App
2025-07-26T13:23:22Z,1,0,0,Fitbit App
2025-07-26T13:24:22Z,0,1,0,Fitbit App
2025-07-26T13:25:22Z,0,0,1,Fitbit App
2025-07-26T13:26:22Z,0,1,0,Fitbit App
2025-07-26T13:27:22Z,1,0,0,Fitbit App
2025-07-26T15:03:37Z,1,0,0,Fitbit App
2025-07-26T15:04:37Z,1,0,0,Fitbit App
2025-07-26T15:05:37Z,1,0,0,Fitbit App
2025-07-26T15:06:37Z,1,0,0,Fitbit App
2025-07-26T15:07:37Z,1,0,0,Fitbit App
2025-07-26T15:08:37Z,1,0,0,Fitbit App
2025-07-26T15:09:37Z,1,0,0,Fitbit App
2025-07-26T15:10:37Z,1,0,0,Fitbit App
2025-07-26T15:11:37Z,1,0,0,Fitbit App
2025-07-26T15:12:37Z,1,0,0,Fitbit App
2025-07-26T15:13:37Z,1,0,0,Fitbit App
2025-07-26T15:14:37Z,1,0,0,Fitbit App
2025-07-26T15:24:37Z,1,0,0,Fitbit App
2025-07-26T15:25:37Z,1,0,0,Fitbit App
2025-07-26T15:26:37Z,1,0,0,Fitbit App
2025-07-26T15:27:37Z,1,0,0,Fitbit App
2025-07-26T15:57:00Z,1,0,0,Fitbit App
2025-07-26T17:22:00Z,1,0,0,Fitbit App
2025-07-26T19:28:37Z,1,0,0,Fitbit App
2025-07-26T19:29:37Z,1,0,0,Fitbit App
2025-07-26T19:30:37Z,1,0,0,Fitbit App
2025-07-26T19:31:37Z,1,0,0,Fitbit App
2025-07-26T19:32:37Z,1,0,0,Fitbit App
2025-07-26T19:33:37Z,1,0,0,Fitbit App
2025-07-26T19:34:37Z,1,0,0,Fitbit App
2025-07-26T19:35:37Z,1,0,0,Fitbit App
2025-07-26T20:18:37Z,1,0,0,Fitbit App
2025-07-26T20:19:37Z,1,0,0,Fitbit App
2025-07-26T20:20:37Z,1,0,0,Fitbit App
2025-07-26T20:21:37Z,1,0,0,Fitbit App
2025-07-26T20:22:37Z,1,0,0,Fitbit App
2025-07-26T20:23:37Z,1,0,0,Fitbit App
2025-07-26T20:27:37Z,1,0,0,Fitbit App
2025-07-26T20:28:37Z,1,0,0,Fitbit App
2025-07-26T20:29:37Z,1,0,0,Fitbit App
2025-07-26T20:30:37Z,1,0,0,Fitbit App
2025-07-27T00:51:00Z,1,0,0,Fitbit App
2025-07-27T00:52:00Z,1,0,0,Fitbit App
2025-07-27T01:00:00Z,1,0,0,Fitbit App
2025-07-27T07:25:00Z,1,0,0,Fitbit App
2025-07-27T07:41:00Z,1,0,0,Fitbit App
2025-07-27T07:42:00Z,1,0,0,Fitbit App
2025-07-27T07:43:00Z,1,0,0,Fitbit App
2025-07-27T07:51:37Z,1,0,0,Fitbit App
2025-07-27T07:52:00Z,1,0,0,Fitbit App
2025-07-27T07:53:00Z,1,0,0,Fitbit App
2025-07-27T07:54:00Z,1,0,0,Fitbit App
2025-07-27T07:55:00Z,1,0,0,Fitbit App
2025-07-27T07:57:00Z,1,0,0,Fitbit App
2025-07-27T07:58:00Z,1,0,0,Fitbit App
2025-07-27T08:13:00Z,1,0,0,Fitbit App
2025-07-27T08:14:00Z,1,0,0,Fitbit App
2025-07-27T08:15:00Z,1,0,0,Fitbit App
2025-07-27T08:16:00Z,1,0,0,Fitbit App
2025-07-27T10:32:37Z,1,0,0,Fitbit App
2025-07-27T10:33:37Z,1,0,0,Fitbit App
2025-07-27T10:34:37Z,1,0,0,Fitbit App
2025-07-27T11:00:00Z,1,0,0,Fitbit App
2025-07-27T11:40:00Z,1,0,0,Fitbit App
2025-07-27T11:41:00Z,1,0,0,Fitbit App
2025-07-27T11:42:00Z,1,0,0,Fitbit App
2025-07-27T11:43:00Z,1,0,0,Fitbit App
2025-07-27T11:44:00Z,1,0,0,Fitbit App
2025-07-27T11:45:00Z,1,0,0,Fitbit App
2025-07-27T11:54:00Z,1,0,0,Fitbit App
2025-07-27T11:55:00Z,1,0,0,Fitbit App
2025-07-27T11:56:00Z,1,0,0,Fitbit App
2025-07-27T11:57:00Z,1,0,0,Fitbit App
2025-07-27T11:58:00Z,1,0,0,Fitbit App
2025-07-27T11:59:00Z,1,0,0,Fitbit App
2025-07-27T12:00:00Z,1,0,0,Fitbit App
2025-07-27T12:01:00Z,0,1,0,Fitbit App
2025-07-27T12:02:00Z,0,1,0,Fitbit App
2025-07-27T12:03:00Z,1,0,0,Fitbit App
2025-07-27T12:04:00Z,0,1,0,Fitbit App
2025-07-27T12:05:00Z,1,0,0,Fitbit App
2025-07-27T12:06:00Z,0,1,0,Fitbit App
2025-07-27T12:07:00Z,0,1,0,Fitbit App
2025-07-27T12:08:00Z,0,1,0,Fitbit App
2025-07-27T12:09:00Z,0,1,0,Fitbit App
2025-07-27T12:10:00Z,0,1,0,Fitbit App
2025-07-27T12:11:00Z,0,1,0,Fitbit App
2025-07-27T12:12:00Z,0,1,0,Fitbit App
2025-07-27T12:13:00Z,1,0,0,Fitbit App
2025-07-27T12:14:00Z,1,0,0,Fitbit App
2025-07-27T12:15:00Z,0,1,0,Fitbit App
2025-07-27T12:16:00Z,0,1,0,Fitbit App
2025-07-27T12:17:00Z,1,0,0,Fitbit App
2025-07-27T12:18:00Z,0,1,0,Fitbit App
2025-07-27T12:19:00Z,1,0,0,Fitbit App
2025-07-27T12:20:00Z,1,0,0,Fitbit App
2025-07-27T12:21:00Z,1,0,0,Fitbit App
2025-07-27T12:22:00Z,1,0,0,Fitbit App
2025-07-27T12:23:00Z,1,0,0,Fitbit App
2025-07-27T12:24:00Z,1,0,0,Fitbit App
2025-07-27T12:25:00Z,1,0,0,Fitbit App
2025-07-27T12:26:00Z,1,0,0,Fitbit App
2025-07-27T12:27:00Z,1,0,0,Fitbit App
2025-07-27T12:28:00Z,1,0,0,Fitbit App
2025-07-27T12:29:00Z,1,0,0,Fitbit App
2025-07-27T12:30:00Z,1,0,0,Fitbit App
2025-07-27T12:31:00Z,1,0,0,Fitbit App
2025-07-27T12:32:00Z,1,0,0,Fitbit App
2025-07-27T12:47:00Z,1,0,0,Fitbit App
2025-07-27T12:48:00Z,1,0,0,Fitbit App
2025-07-27T12:56:00Z,1,0,0,Fitbit App
2025-07-27T12:57:00Z,1,0,0,Fitbit App
2025-07-27T12:58:00Z,1,0,0,Fitbit App
2025-07-27T13:01:00Z,1,0,0,Fitbit App
2025-07-27T13:16:00Z,1,0,0,Fitbit App
2025-07-27T13:17:00Z,1,0,0,Fitbit App
2025-07-27T13:18:00Z,1,0,0,Fitbit App
2025-07-27T13:23:00Z,0,1,0,Fitbit App
2025-07-27T13:24:00Z,0,1,0,Fitbit App
2025-07-27T13:25:00Z,0,1,0,Fitbit App
2025-07-27T13:26:00Z,0,0,1,Fitbit App
2025-07-27T13:27:00Z,0,0,1,Fitbit App
2025-07-27T13:28:00Z,0,1,0,Fitbit App
2025-07-27T13:29:00Z,0,0,1,Fitbit App
2025-07-27T13:30:00Z,0,1,0,Fitbit App
2025-07-27T13:31:00Z,0,1,0,Fitbit App
2025-07-27T13:32:00Z,0,1,0,Fitbit App
2025-07-27T13:33:00Z,1,0,0,Fitbit App
2025-07-27T13:34:00Z,0,1,0,Fitbit App
2025-07-27T13:35:00Z,1,0,0,Fitbit App
2025-07-27T13:48:00Z,1,0,0,Fitbit App
2025-07-27T14:40:00Z,1,0,0,Fitbit App
2025-07-27T15:24:00Z,1,0,0,Fitbit App
2025-07-27T15:25:00Z,1,0,0,Fitbit App
2025-07-27T15:26:00Z,1,0,0,Fitbit App
2025-07-27T15:27:00Z,1,0,0,Fitbit App
2025-07-27T15:29:00Z,1,0,0,Fitbit App
2025-07-27T15:40:00Z,1,0,0,Fitbit App
2025-07-27T15:41:00Z,1,0,0,Fitbit App
2025-07-27T15:42:00Z,1,0,0,Fitbit App
2025-07-27T15:43:00Z,1,0,0,Fitbit App
2025-07-27T15:44:00Z,1,0,0,Fitbit App
2025-07-27T15:45:00Z,1,0,0,Fitbit App
2025-07-27T15:46:00Z,1,0,0,Fitbit App
2025-07-27T15:47:00Z,1,0,0,Fitbit App
2025-07-27T15:48:00Z,1,0,0,Fitbit App
2025-07-27T18:07:00Z,1,0,0,Fitbit App
2025-07-27T18:08:00Z,1,0,0,Fitbit App
2025-07-27T18:09:00Z,1,0,0,Fitbit App
2025-07-27T18:10:00Z,1,0,0,Fitbit App
2025-07-27T18:13:00Z,1,0,0,Fitbit App
2025-07-27T18:14:00Z,1,0,0,Fitbit App
2025-07-27T18:15:00Z,1,0,0,Fitbit App
2025-07-27T18:16:00Z,1,0,0,Fitbit App
2025-07-27T18:17:00Z,1,0,0,Fitbit App
2025-07-27T18:18:00Z,1,0,0,Fitbit App
2025-07-27T18:19:00Z,1,0,0,Fitbit App
2025-07-27T18:20:00Z,1,0,0,Fitbit App
2025-07-27T18:21:00Z,1,0,0,Fitbit App
2025-07-27T18:22:00Z,1,0,0,Fitbit App
2025-07-27T18:51:00Z,1,0,0,Fitbit App
2025-07-27T19:10:00Z,1,0,0,Fitbit App
2025-07-27T21:23:37Z,1,0,0,Fitbit App
2025-07-27T21:24:37Z,1,0,0,Fitbit App
2025-07-27T21:25:37Z,1,0,0,Fitbit App
2025-07-27T21:26:37Z,1,0,0,Fitbit App
2025-07-27T21:27:37Z,1,0,0,Fitbit App
2025-07-27T21:28:37Z,1,0,0,Fitbit App
2025-07-28T08:20:37Z,1,0,0,Fitbit App
2025-07-28T08:21:37Z,1,0,0,Fitbit App
2025-07-28T08:22:37Z,1,0,0,Fitbit App
2025-07-28T08:23:37Z,1,0,0,Fitbit App
2025-07-28T08:24:37Z,1,0,0,Fitbit App
2025-07-28T08:25:37Z,1,0,0,Fitbit App
2025-07-28T08:42:37Z,1,0,0,Fitbit App
2025-07-28T08:43:37Z,1,0,0,Fitbit App
2025-07-28T08:44:37Z,1,0,0,Fitbit App
2025-07-28T08:45:37Z,1,0,0,Fitbit App
2025-07-28T10:29:37Z,1,0,0,Fitbit App
2025-07-28T10:30:37Z,1,0,0,Fitbit App
2025-07-28T11:16:37Z,1,0,0,Fitbit App
2025-07-28T11:17:37Z,0,1,0,Fitbit App
2025-07-28T11:18:37Z,0,0,1,Fitbit App
2025-07-28T11:19:37Z,0,0,1,Fitbit App
2025-07-28T11:20:37Z,0,0,1,Fitbit App
2025-07-28T11:21:37Z,0,0,1,Fitbit App
2025-07-28T11:22:37Z,0,0,1,Fitbit App
2025-07-28T11:23:37Z,0,0,1,Fitbit App
2025-07-28T11:24:37Z,0,0,1,Fitbit App
2025-07-28T11:25:37Z,0,1,0,Fitbit App
2025-07-28T11:26:37Z,0,0,1,Fitbit App
2025-07-28T11:27:37Z,0,0,1,Fitbit App
2025-07-28T11:28:37Z,0,0,1,Fitbit App
2025-07-28T11:29:37Z,0,0,1,Fitbit App
2025-07-28T11:30:37Z,0,0,1,Fitbit App
2025-07-28T11:31:37Z,0,0,1,Fitbit App
2025-07-28T11:32:37Z,0,1,0,Fitbit App
2025-07-28T11:33:37Z,0,0,1,Fitbit App
2025-07-28T11:34:37Z,0,1,0,Fitbit App
2025-07-28T11:35:37Z,1,0,0,Fitbit App
2025-07-28T11:48:37Z,1,0,0,Fitbit App
2025-07-28T11:49:37Z,1,0,0,Fitbit App
2025-07-28T12:42:37Z,1,0,0,Fitbit App
2025-07-28T12:43:37Z,1,0,0,Fitbit App
2025-07-28T12:49:37Z,1,0,0,Fitbit App
2025-07-28T12:50:37Z,0,1,0,Fitbit App
2025-07-28T12:51:37Z,0,0,1,Fitbit App
2025-07-28T12:52:37Z,0,0,1,Fitbit App
2025-07-28T12:53:37Z,1,0,0,Fitbit App
2025-07-28T12:54:37Z,0,1,0,Fitbit App
2025-07-28T12:55:37Z,1,0,0,Fitbit App
2025-07-28T12:56:37Z,1,0,0,Fitbit App
2025-07-28T12:57:37Z,0,0,1,Fitbit App
2025-07-28T12:58:37Z,0,1,0,Fitbit App
2025-07-28T12:59:37Z,0,0,1,Fitbit App
2025-07-28T13:00:37Z,0,1,0,Fitbit App
2025-07-28T13:45:00Z,1,0,0,Fitbit App
2025-07-28T13:46:00Z,1,0,0,Fitbit App
2025-07-28T13:47:00Z,1,0,0,Fitbit App
2025-07-28T13:48:00Z,1,0,0,Fitbit App
2025-07-28T13:50:00Z,1,0,0,Fitbit App
2025-07-28T13:51:00Z,1,0,0,Fitbit App
2025-07-28T13:52:00Z,1,0,0,Fitbit App
2025-07-28T13:53:00Z,1,0,0,Fitbit App
2025-07-28T13:54:00Z,1,0,0,Fitbit App
2025-07-28T13:55:00Z,1,0,0,Fitbit App
2025-07-28T13:56:00Z,1,0,0,Fitbit App
2025-07-28T13:57:00Z,1,0,0,Fitbit App
2025-07-28T13:58:00Z,1,0,0,Fitbit App
2025-07-28T13:59:00Z,1,0,0,Fitbit App
2025-07-28T14:00:00Z,1,0,0,Fitbit App
2025-07-28T14:01:00Z,1,0,0,Fitbit App
2025-07-28T14:02:00Z,1,0,0,Fitbit App
2025-07-28T14:03:00Z,1,0,0,Fitbit App
2025-07-28T14:04:00Z,1,0,0,Fitbit App
2025-07-28T14:05:00Z,1,0,0,Fitbit App
2025-07-28T14:06:00Z,1,0,0,Fitbit App
2025-07-28T14:07:00Z,1,0,0,Fitbit App
2025-07-28T14:08:00Z,1,0,0,Fitbit App
2025-07-28T14:09:00Z,1,0,0,Fitbit App
2025-07-28T14:10:00Z,1,0,0,Fitbit App
2025-07-28T14:11:00Z,1,0,0,Fitbit App
2025-07-28T14:12:00Z,1,0,0,Fitbit App
2025-07-28T14:13:00Z,1,0,0,Fitbit App
2025-07-28T14:14:00Z,1,0,0,Fitbit App
2025-07-28T14:15:00Z,1,0,0,Fitbit App
2025-07-28T14:16:00Z,1,0,0,Fitbit App
2025-07-28T14:17:00Z,1,0,0,Fitbit App
2025-07-28T14:19:00Z,0,1,0,Fitbit App
2025-07-28T14:20:00Z,1,0,0,Fitbit App
2025-07-28T14:21:00Z,0,1,0,Fitbit App
2025-07-28T14:22:00Z,1,0,0,Fitbit App
2025-07-28T14:23:00Z,0,1,0,Fitbit App
2025-07-28T14:24:00Z,0,1,0,Fitbit App
2025-07-28T14:25:00Z,0,1,0,Fitbit App
2025-07-28T14:26:00Z,1,0,0,Fitbit App
2025-07-28T14:27:00Z,0,1,0,Fitbit App
2025-07-28T14:28:00Z,0,1,0,Fitbit App
2025-07-28T14:29:00Z,0,1,0,Fitbit App
2025-07-28T14:30:00Z,0,1,0,Fitbit App
2025-07-28T14:31:00Z,1,0,0,Fitbit App
2025-07-28T14:32:00Z,1,0,0,Fitbit App
2025-07-28T14:33:00Z,1,0,0,Fitbit App
2025-07-28T14:34:00Z,1,0,0,Fitbit App
2025-07-28T14:35:00Z,1,0,0,Fitbit App
2025-07-28T14:36:00Z,1,0,0,Fitbit App
2025-07-28T14:37:00Z,1,0,0,Fitbit App
2025-07-28T14:38:00Z,1,0,0,Fitbit App
2025-07-28T14:39:00Z,1,0,0,Fitbit App
2025-07-28T14:40:00Z,1,0,0,Fitbit App
2025-07-28T14:42:00Z,1,0,0,Fitbit App
2025-07-28T14:43:00Z,1,0,0,Fitbit App
2025-07-28T14:44:00Z,1,0,0,Fitbit App
2025-07-28T14:45:00Z,1,0,0,Fitbit App
2025-07-28T14:46:00Z,1,0,0,Fitbit App
2025-07-28T14:47:00Z,1,0,0,Fitbit App
2025-07-28T14:48:00Z,1,0,0,Fitbit App
2025-07-28T14:49:00Z,1,0,0,Fitbit App
2025-07-28T14:50:00Z,1,0,0,Fitbit App
2025-07-28T14:51:00Z,1,0,0,Fitbit App
2025-07-28T14:52:00Z,1,0,0,Fitbit App
2025-07-28T14:53:00Z,1,0,0,Fitbit App
2025-07-28T14:55:00Z,1,0,0,Fitbit App
2025-07-28T14:56:00Z,1,0,0,Fitbit App
2025-07-28T14:57:00Z,1,0,0,Fitbit App
2025-07-28T14:58:00Z,1,0,0,Fitbit App
2025-07-28T14:59:00Z,1,0,0,Fitbit App
2025-07-28T15:01:00Z,1,0,0,Fitbit App
2025-07-28T15:07:00Z,1,0,0,Fitbit App
2025-07-28T15:11:00Z,1,0,0,Fitbit App
2025-07-28T15:14:00Z,1,0,0,Fitbit App
2025-07-28T15:15:00Z,1,0,0,Fitbit App
2025-07-28T15:16:00Z,1,0,0,Fitbit App
2025-07-28T15:17:00Z,1,0,0,Fitbit App
2025-07-28T15:18:00Z,1,0,0,Fitbit App
2025-07-28T15:19:00Z,1,0,0,Fitbit App
2025-07-28T15:20:00Z,1,0,0,Fitbit App
2025-07-28T15:23:00Z,1,0,0,Fitbit App
2025-07-28T15:24:00Z,1,0,0,Fitbit App
2025-07-28T15:25:00Z,1,0,0,Fitbit App
2025-07-28T15:26:00Z,1,0,0,Fitbit App
2025-07-28T15:37:00Z,1,0,0,Fitbit App
2025-07-28T15:38:00Z,1,0,0,Fitbit App
2025-07-28T15:39:00Z,1,0,0,Fitbit App
2025-07-28T15:40:00Z,1,0,0,Fitbit App
2025-07-28T15:41:00Z,1,0,0,Fitbit App
2025-07-28T15:42:00Z,1,0,0,Fitbit App
2025-07-28T15:43:00Z,1,0,0,Fitbit App
2025-07-28T15:44:00Z,1,0,0,Fitbit App
2025-07-28T15:45:00Z,1,0,0,Fitbit App
2025-07-28T15:46:00Z,1,0,0,Fitbit App
2025-07-28T16:28:00Z,1,0,0,Fitbit App
2025-07-28T16:50:00Z,1,0,0,Fitbit App
2025-07-28T17:40:00Z,1,0,0,Fitbit App
2025-07-28T17:51:00Z,1,0,0,Fitbit App
2025-07-28T17:52:00Z,1,0,0,Fitbit App
2025-07-28T17:53:00Z,1,0,0,Fitbit App
2025-07-28T17:54:00Z,1,0,0,Fitbit App
2025-07-28T17:55:00Z,1,0,0,Fitbit App
2025-07-28T17:56:00Z,1,0,0,Fitbit App
2025-07-28T18:32:00Z,1,0,0,Fitbit App
2025-07-28T18:33:00Z,1,0,0,Fitbit App
2025-07-28T18:34:00Z,1,0,0,Fitbit App
2025-07-28T18:35:00Z,0,1,0,Fitbit App
2025-07-28T18:36:00Z,0,1,0,Fitbit App
2025-07-28T18:37:00Z,1,0,0,Fitbit App
2025-07-28T18:38:00Z,0,1,0,Fitbit App
2025-07-28T18:39:00Z,0,0,1,Fitbit App
2025-07-28T18:40:00Z,0,1,0,Fitbit App
2025-07-28T18:41:00Z,0,1,0,Fitbit App
2025-07-28T18:42:00Z,0,1,0,Fitbit App
2025-07-28T18:43:00Z,0,1,0,Fitbit App
2025-07-28T18:44:00Z,0,0,1,Fitbit App
2025-07-28T18:45:00Z,0,0,1,Fitbit App
2025-07-28T18:46:00Z,1,0,0,Fitbit App
2025-07-28T18:47:00Z,1,0,0,Fitbit App
2025-07-28T18:49:00Z,1,0,0,Fitbit App
2025-07-28T18:50:00Z,1,0,0,Fitbit App
2025-07-28T18:54:00Z,1,0,0,Fitbit App
2025-07-28T18:55:00Z,1,0,0,Fitbit App
2025-07-28T18:56:00Z,1,0,0,Fitbit App
2025-07-28T19:00:00Z,1,0,0,Fitbit App
2025-07-28T19:01:00Z,1,0,0,Fitbit App
2025-07-28T19:02:00Z,1,0,0,Fitbit App
2025-07-28T19:03:00Z,1,0,0,Fitbit App
2025-07-28T19:04:00Z,1,0,0,Fitbit App
2025-07-28T19:05:00Z,1,0,0,Fitbit App
2025-07-28T19:06:00Z,1,0,0,Fitbit App
2025-07-28T19:07:00Z,1,0,0,Fitbit App
2025-07-28T19:08:00Z,1,0,0,Fitbit App
2025-07-28T21:45:00Z,1,0,0,Fitbit App
2025-07-28T21:49:00Z,1,0,0,Fitbit App
2025-07-28T21:53:00Z,1,0,0,Fitbit App
2025-07-28T21:54:00Z,1,0,0,Fitbit App
2025-07-28T22:04:00Z,1,0,0,Fitbit App
2025-07-28T22:10:00Z,1,0,0,Fitbit App
2025-07-28T22:13:00Z,1,0,0,Fitbit App
2025-07-28T22:38:00Z,1,0,0,Fitbit App
2025-07-28T22:59:00Z,1,0,0,Fitbit App
2025-07-29T07:50:37Z,1,0,0,Fitbit App
2025-07-29T07:51:37Z,1,0,0,Fitbit App
2025-07-29T07:52:37Z,1,0,0,Fitbit App
2025-07-29T07:53:37Z,1,0,0,Fitbit App
2025-07-29T07:55:37Z,1,0,0,Fitbit App
2025-07-29T07:56:37Z,1,0,0,Fitbit App
2025-07-29T08:07:37Z,1,0,0,Fitbit App
2025-07-29T08:08:37Z,1,0,0,Fitbit App
2025-07-29T08:09:37Z,1,0,0,Fitbit App
2025-07-29T08:10:37Z,1,0,0,Fitbit App
2025-07-29T09:34:37Z,1,0,0,Fitbit App
2025-07-29T09:35:37Z,1,0,0,Fitbit App
2025-07-29T11:02:37Z,1,0,0,Fitbit App
2025-07-29T11:03:37Z,0,0,1,Fitbit App
2025-07-29T11:04:37Z,0,1,0,Fitbit App
2025-07-29T11:05:37Z,0,1,0,Fitbit App
2025-07-29T11:06:37Z,0,0,1,Fitbit App
2025-07-29T11:07:37Z,0,0,1,Fitbit App
2025-07-29T11:08:37Z,0,0,1,Fitbit App
2025-07-29T11:09:37Z,0,1,0,Fitbit App
2025-07-29T11:10:37Z,0,1,0,Fitbit App
2025-07-29T11:11:37Z,0,0,1,Fitbit App
2025-07-29T11:12:37Z,0,0,1,Fitbit App
2025-07-29T11:13:37Z,0,1,0,Fitbit App
2025-07-29T11:14:37Z,0,0,1,Fitbit App
2025-07-29T11:15:37Z,0,0,1,Fitbit App
2025-07-29T11:16:37Z,0,1,0,Fitbit App
2025-07-29T11:17:37Z,0,1,0,Fitbit App
2025-07-29T11:18:37Z,0,1,0,Fitbit App
2025-07-29T11:19:37Z,0,1,0,Fitbit App
2025-07-29T11:20:37Z,0,1,0,Fitbit App
2025-07-29T11:21:37Z,1,0,0,Fitbit App
2025-07-29T11:25:37Z,1,0,0,Fitbit App
2025-07-29T11:26:37Z,1,0,0,Fitbit App
2025-07-29T11:27:37Z,1,0,0,Fitbit App
2025-07-29T11:28:37Z,1,0,0,Fitbit App
2025-07-29T13:42:37Z,1,0,0,Fitbit App
2025-07-29T13:43:37Z,1,0,0,Fitbit App
2025-07-29T13:44:37Z,1,0,0,Fitbit App
2025-07-29T14:49:37Z,1,0,0,Fitbit App
2025-07-29T14:50:37Z,0,1,0,Fitbit App
2025-07-29T14:51:37Z,0,0,1,Fitbit App
2025-07-29T14:52:37Z,1,0,0,Fitbit App
2025-07-29T14:53:37Z,1,0,0,Fitbit App
2025-07-29T14:54:37Z,0,1,0,Fitbit App
2025-07-29T14:55:37Z,0,0,1,Fitbit App
2025-07-29T14:56:37Z,0,1,0,Fitbit App
2025-07-29T14:57:37Z,1,0,0,Fitbit App
2025-07-29T14:58:37Z,1,0,0,Fitbit App
2025-07-29T14:59:37Z,0,1,0,Fitbit App
2025-07-29T15:12:37Z,1,0,0,Fitbit App
2025-07-29T15:13:37Z,1,0,0,Fitbit App
2025-07-29T15:14:37Z,1,0,0,Fitbit App
2025-07-29T15:15:37Z,1,0,0,Fitbit App
2025-07-29T20:11:37Z,1,0,0,Fitbit App
2025-07-29T20:12:37Z,1,0,0,Fitbit App
2025-07-29T20:13:37Z,1,0,0,Fitbit App
2025-07-30T08:17:37Z,1,0,0,Fitbit App
2025-07-30T08:18:37Z,1,0,0,Fitbit App
2025-07-30T08:19:37Z,1,0,0,Fitbit App
2025-07-30T08:20:37Z,1,0,0,Fitbit App
2025-07-30T08:22:37Z,1,0,0,Fitbit App
2025-07-30T08:23:37Z,1,0,0,Fitbit App
2025-07-30T08:24:37Z,1,0,0,Fitbit App
2025-07-30T08:25:37Z,1,0,0,Fitbit App
2025-07-30T08:26:37Z,1,0,0,Fitbit App
2025-07-30T08:36:37Z,1,0,0,Fitbit App
2025-07-30T08:37:37Z,1,0,0,Fitbit App
2025-07-30T08:38:37Z,1,0,0,Fitbit App
2025-07-30T08:39:37Z,1,0,0,Fitbit App
2025-07-30T10:18:37Z,1,0,0,Fitbit App
2025-07-30T10:19:37Z,1,0,0,Fitbit App
2025-07-30T10:20:37Z,1,0,0,Fitbit App
2025-07-30T10:49:37Z,0,0,1,Fitbit App
2025-07-30T10:50:37Z,0,1,0,Fitbit App
2025-07-30T10:51:37Z,0,0,1,Fitbit App
2025-07-30T10:52:37Z,0,0,1,Fitbit App
2025-07-30T10:53:37Z,1,0,0,Fitbit App
2025-07-30T10:54:37Z,0,1,0,Fitbit App
2025-07-30T10:55:37Z,0,1,0,Fitbit App
2025-07-30T10:56:37Z,0,1,0,Fitbit App
2025-07-30T10:57:37Z,0,0,1,Fitbit App
2025-07-30T10:58:37Z,0,1,0,Fitbit App
2025-07-30T10:59:37Z,0,1,0,Fitbit App
2025-07-30T11:00:37Z,0,1,0,Fitbit App
2025-07-30T11:01:37Z,0,0,1,Fitbit App
2025-07-30T11:02:37Z,0,1,0,Fitbit App
2025-07-30T11:03:37Z,0,1,0,Fitbit App
2025-07-30T11:04:37Z,0,1,0,Fitbit App
2025-07-30T11:05:37Z,0,1,0,Fitbit App
2025-07-30T11:06:37Z,0,1,0,Fitbit App
2025-07-30T11:07:37Z,0,1,0,Fitbit App
2025-07-30T11:08:37Z,1,0,0,Fitbit App
2025-07-30T11:09:37Z,0,0,1,Fitbit App
2025-07-30T11:10:37Z,0,0,1,Fitbit App
2025-07-30T11:11:37Z,1,0,0,Fitbit App
2025-07-30T11:12:37Z,1,0,0,Fitbit App
2025-07-30T11:15:37Z,1,0,0,Fitbit App
2025-07-30T11:16:37Z,1,0,0,Fitbit App
2025-07-30T11:17:37Z,1,0,0,Fitbit App
2025-07-30T11:18:37Z,1,0,0,Fitbit App
2025-07-30T15:03:37Z,1,0,0,Fitbit App
2025-07-30T15:04:37Z,1,0,0,Fitbit App
2025-07-30T15:05:37Z,1,0,0,Fitbit App
2025-07-30T15:06:37Z,1,0,0,Fitbit App
2025-07-30T15:07:37Z,1,0,0,Fitbit App
2025-07-30T15:08:37Z,1,0,0,Fitbit App
2025-07-30T15:09:37Z,1,0,0,Fitbit App
2025-07-30T15:22:37Z,1,0,0,Fitbit App
2025-07-30T15:23:37Z,1,0,0,Fitbit App
2025-07-30T15:24:37Z,1,0,0,Fitbit App
2025-07-30T15:25:37Z,1,0,0,Fitbit App
2025-07-30T15:26:37Z,1,0,0,Fitbit App
2025-07-31T06:20:00Z,1,0,0,Fitbit App
2025-07-31T06:27:00Z,0,0,1,Fitbit App
2025-07-31T06:28:00Z,0,0,1,Fitbit App
2025-07-31T06:29:00Z,0,0,1,Fitbit App
2025-07-31T06:30:00Z,0,0,1,Fitbit App
2025-07-31T06:31:00Z,0,0,1,Fitbit App
2025-07-31T06:32:00Z,0,0,1,Fitbit App
2025-07-31T06:33:00Z,0,0,1,Fitbit App
2025-07-31T06:34:00Z,0,0,1,Fitbit App
2025-07-31T06:35:00Z,0,0,1,Fitbit App
2025-07-31T06:36:00Z,0,0,1,Fitbit App
2025-07-31T06:38:00Z,0,0,1,Fitbit App
2025-07-31T06:39:00Z,0,0,1,Fitbit App
2025-07-31T06:40:00Z,0,0,1,Fitbit App
2025-07-31T06:41:00Z,0,0,1,Fitbit App
2025-07-31T08:20:00Z,1,0,0,Fitbit App
2025-07-31T08:29:00Z,1,0,0,Fitbit App
2025-07-31T08:30:00Z,1,0,0,Fitbit App
2025-07-31T08:31:00Z,0,0,1,Fitbit App
2025-07-31T08:32:00Z,0,1,0,Fitbit App
2025-07-31T08:33:00Z,0,1,0,Fitbit App
2025-07-31T08:34:00Z,0,0,1,Fitbit App
2025-07-31T08:35:00Z,0,0,1,Fitbit App
2025-07-31T08:36:00Z,0,1,0,Fitbit App
2025-07-31T08:37:00Z,0,1,0,Fitbit App
2025-07-31T08:38:00Z,0,1,0,Fitbit App
2025-07-31T08:39:00Z,0,1,0,Fitbit App
2025-07-31T08:40:00Z,1,0,0,Fitbit App
2025-07-31T08:41:00Z,1,0,0,Fitbit App
2025-07-31T08:42:00Z,0,1,0,Fitbit App
2025-07-31T08:43:00Z,1,0,0,Fitbit App
2025-07-31T08:44:00Z,1,0,0,Fitbit App
2025-07-31T08:45:00Z,1,0,0,Fitbit App
2025-07-31T08:50:00Z,1,0,0,Fitbit App
2025-07-31T08:52:00Z,1,0,0,Fitbit App
2025-07-31T08:53:00Z,1,0,0,Fitbit App
2025-07-31T08:56:00Z,1,0,0,Fitbit App
2025-07-31T08:57:00Z,1,0,0,Fitbit App
2025-07-31T08:58:00Z,1,0,0,Fitbit App
2025-07-31T09:02:00Z,1,0,0,Fitbit App
2025-07-31T09:07:00Z,1,0,0,Fitbit App
2025-07-31T09:08:00Z,1,0,0,Fitbit App
2025-07-31T09:10:00Z,1,0,0,Fitbit App
2025-07-31T09:11:00Z,1,0,0,Fitbit App
2025-07-31T09:12:00Z,1,0,0,Fitbit App
2025-07-31T09:15:00Z,1,0,0,Fitbit App
2025-07-31T09:16:00Z,1,0,0,Fitbit App
2025-07-31T09:17:00Z,1,0,0,Fitbit App
2025-07-31T09:18:00Z,1,0,0,Fitbit App
2025-07-31T09:19:00Z,1,0,0,Fitbit App
2025-07-31T09:20:00Z,1,0,0,Fitbit App
2025-07-31T09:21:00Z,1,0,0,Fitbit App
2025-07-31T09:23:00Z,1,0,0,Fitbit App
2025-07-31T09:27:00Z,1,0,0,Fitbit App
2025-07-31T09:28:00Z,1,0,0,Fitbit App
2025-07-31T09:30:00Z,1,0,0,Fitbit App
2025-07-31T09:31:00Z,1,0,0,Fitbit App
2025-07-31T09:37:00Z,1,0,0,Fitbit App
2025-07-31T10:07:00Z,1,0,0,Fitbit App
2025-07-31T10:08:00Z,1,0,0,Fitbit App
2025-07-31T10:12:00Z,1,0,0,Fitbit App
2025-07-31T10:13:00Z,1,0,0,Fitbit App
2025-07-31T10:17:00Z,1,0,0,Fitbit App
2025-07-31T10:18:00Z,1,0,0,Fitbit App
2025-07-31T10:21:00Z,1,0,0,Fitbit App
2025-07-31T10:22:00Z,1,0,0,Fitbit App
2025-07-31T10:25:00Z,1,0,0,Fitbit App
2025-07-31T10:26:00Z,1,0,0,Fitbit App
2025-07-31T10:27:00Z,1,0,0,Fitbit App
2025-07-31T10:28:00Z,1,0,0,Fitbit App
2025-07-31T10:33:00Z,1,0,0,Fitbit App
2025-07-31T10:34:00Z,1,0,0,Fitbit App
2025-07-31T10:37:00Z,1,0,0,Fitbit App
2025-07-31T10:38:00Z,1,0,0,Fitbit App
2025-07-31T10:43:00Z,1,0,0,Fitbit App
2025-07-31T10:44:00Z,1,0,0,Fitbit App
2025-07-31T10:45:00Z,1,0,0,Fitbit App
2025-07-31T10:46:00Z,1,0,0,Fitbit App
2025-07-31T10:49:00Z,1,0,0,Fitbit App
2025-07-31T10:50:00Z,1,0,0,Fitbit App
2025-07-31T10:51:00Z,1,0,0,Fitbit App
2025-07-31T10:52:00Z,1,0,0,Fitbit App
2025-07-31T10:53:00Z,1,0,0,Fitbit App
2025-07-31T10:54:00Z,1,0,0,Fitbit App
2025-07-31T10:56:00Z,1,0,0,Fitbit App
2025-07-31T10:57:00Z,1,0,0,Fitbit App
2025-07-31T10:58:00Z,1,0,0,Fitbit App
2025-07-31T10:59:00Z,1,0,0,Fitbit App
2025-07-31T11:02:00Z,1,0,0,Fitbit App
2025-07-31T11:03:00Z,1,0,0,Fitbit App
2025-07-31T11:04:00Z,1,0,0,Fitbit App
2025-07-31T11:06:00Z,1,0,0,Fitbit App
2025-07-31T11:07:00Z,1,0,0,Fitbit App
2025-07-31T11:08:00Z,1,0,0,Fitbit App
2025-07-31T11:09:00Z,1,0,0,Fitbit App
2025-07-31T11:11:00Z,1,0,0,Fitbit App
2025-07-31T11:12:00Z,1,0,0,Fitbit App
2025-07-31T11:13:00Z,1,0,0,Fitbit App
2025-07-31T11:14:00Z,1,0,0,Fitbit App
2025-07-31T11:15:00Z,1,0,0,Fitbit App
2025-07-31T11:16:00Z,1,0,0,Fitbit App
2025-07-31T11:17:00Z,1,0,0,Fitbit App
2025-07-31T11:18:00Z,1,0,0,Fitbit App
2025-07-31T11:19:00Z,1,0,0,Fitbit App
2025-07-31T11:21:00Z,1,0,0,Fitbit App
2025-07-31T11:22:00Z,1,0,0,Fitbit App
2025-07-31T11:23:00Z,1,0,0,Fitbit App
2025-07-31T11:24:00Z,1,0,0,Fitbit App
2025-07-31T11:26:00Z,1,0,0,Fitbit App
2025-07-31T11:28:00Z,1,0,0,Fitbit App
2025-07-31T11:30:00Z,1,0,0,Fitbit App
2025-07-31T11:31:00Z,1,0,0,Fitbit App
2025-07-31T11:32:00Z,0,1,0,Fitbit App
2025-07-31T11:33:00Z,1,0,0,Fitbit App
2025-07-31T11:34:00Z,1,0,0,Fitbit App
2025-07-31T11:35:00Z,0,0,1,Fitbit App
2025-07-31T11:36:00Z,0,1,0,Fitbit App
2025-07-31T11:37:00Z,0,1,0,Fitbit App
2025-07-31T11:38:00Z,1,0,0,Fitbit App
2025-07-31T11:39:00Z,0,0,1,Fitbit App
2025-07-31T11:40:00Z,0,1,0,Fitbit App
2025-07-31T11:41:00Z,0,1,0,Fitbit App
2025-07-31T11:42:00Z,1,0,0,Fitbit App
2025-07-31T11:43:00Z,1,0,0,Fitbit App
2025-07-31T11:44:00Z,0,0,1,Fitbit App
2025-07-31T11:45:00Z,1,0,0,Fitbit App
2025-07-31T11:46:00Z,1,0,0,Fitbit App
2025-07-31T11:53:00Z,1,0,0,Fitbit App
2025-07-31T11:54:00Z,1,0,0,Fitbit App
2025-07-31T11:55:00Z,1,0,0,Fitbit App
2025-07-31T11:56:00Z,1,0,0,Fitbit App
2025-07-31T11:57:00Z,1,0,0,Fitbit App
2025-07-31T11:58:00Z,1,0,0,Fitbit App
2025-07-31T13:28:00Z,1,0,0,Fitbit App
2025-07-31T13:29:00Z,1,0,0,Fitbit App
2025-07-31T13:30:00Z,1,0,0,Fitbit App
2025-07-31T13:31:00Z,1,0,0,Fitbit App
2025-07-31T13:32:00Z,1,0,0,Fitbit App
2025-07-31T13:33:00Z,1,0,0,Fitbit App
2025-07-31T13:34:00Z,1,0,0,Fitbit App
2025-07-31T13:35:00Z,1,0,0,Fitbit App
2025-07-31T13:37:00Z,1,0,0,Fitbit App
2025-07-31T13:38:00Z,1,0,0,Fitbit App
2025-07-31T13:39:00Z,1,0,0,Fitbit App
2025-07-31T13:40:00Z,1,0,0,Fitbit App
2025-07-31T13:41:00Z,1,0,0,Fitbit App
2025-07-31T13:43:00Z,1,0,0,Fitbit App
2025-07-31T14:06:00Z,1,0,0,Fitbit App
2025-07-31T14:07:00Z,1,0,0,Fitbit App
2025-07-31T14:08:00Z,1,0,0,Fitbit App
2025-07-31T14:11:00Z,1,0,0,Fitbit App
2025-07-31T14:12:00Z,1,0,0,Fitbit App
2025-07-31T14:13:00Z,1,0,0,Fitbit App
2025-07-31T14:14:00Z,1,0,0,Fitbit App
2025-07-31T14:15:00Z,1,0,0,Fitbit App
2025-07-31T14:17:00Z,1,0,0,Fitbit App
2025-07-31T14:18:00Z,1,0,0,Fitbit App
2025-07-31T14:19:00Z,1,0,0,Fitbit App
2025-07-31T14:20:00Z,1,0,0,Fitbit App
2025-07-31T14:21:00Z,1,0,0,Fitbit App
2025-07-31T14:22:00Z,1,0,0,Fitbit App
2025-07-31T14:23:00Z,1,0,0,Fitbit App
2025-07-31T14:25:00Z,1,0,0,Fitbit App
2025-07-31T14:26:00Z,1,0,0,Fitbit App
2025-07-31T14:27:00Z,1,0,0,Fitbit App
2025-07-31T14:28:00Z,1,0,0,Fitbit App
2025-07-31T14:30:00Z,1,0,0,Fitbit App
2025-07-31T14:40:00Z,0,1,0,Fitbit App
2025-07-31T14:41:00Z,1,0,0,Fitbit App
2025-07-31T14:42:00Z,0,1,0,Fitbit App
2025-07-31T14:43:00Z,0,1,0,Fitbit App
2025-07-31T14:44:00Z,0,1,0,Fitbit App
2025-07-31T14:45:00Z,0,1,0,Fitbit App
2025-07-31T14:46:00Z,0,1,0,Fitbit App
2025-07-31T14:47:00Z,0,1,0,Fitbit App
2025-07-31T14:48:00Z,0,1,0,Fitbit App
2025-07-31T14:49:00Z,0,1,0,Fitbit App
2025-07-31T14:50:00Z,0,1,0,Fitbit App
2025-07-31T14:51:00Z,0,1,0,Fitbit App
2025-07-31T14:52:00Z,0,1,0,Fitbit App
2025-07-31T14:53:00Z,1,0,0,Fitbit App
2025-07-31T14:54:00Z,1,0,0,Fitbit App
2025-07-31T14:55:00Z,1,0,0,Fitbit App
2025-07-31T14:56:00Z,1,0,0,Fitbit App
2025-07-31T14:57:00Z,1,0,0,Fitbit App
2025-07-31T15:00:00Z,1,0,0,Fitbit App
2025-07-31T15:06:00Z,1,0,0,Fitbit App
2025-07-31T15:07:00Z,1,0,0,Fitbit App
2025-07-31T15:08:00Z,0,1,0,Fitbit App
2025-07-31T15:09:00Z,0,1,0,Fitbit App
2025-07-31T15:10:00Z,1,0,0,Fitbit App
2025-07-31T15:11:00Z,0,1,0,Fitbit App
2025-07-31T15:12:00Z,0,0,1,Fitbit App
2025-07-31T15:13:00Z,0,1,0,Fitbit App
2025-07-31T15:14:00Z,0,1,0,Fitbit App
2025-07-31T15:15:00Z,0,1,0,Fitbit App
2025-07-31T15:16:00Z,0,1,0,Fitbit App
2025-07-31T15:17:00Z,0,1,0,Fitbit App
2025-07-31T15:18:00Z,1,0,0,Fitbit App
2025-07-31T15:19:00Z,0,1,0,Fitbit App
2025-07-31T15:20:00Z,1,0,0,Fitbit App
2025-07-31T15:21:00Z,1,0,0,Fitbit App
2025-07-31T15:22:00Z,1,0,0,Fitbit App
2025-07-31T15:24:00Z,1,0,0,Fitbit App
2025-07-31T15:25:00Z,1,0,0,Fitbit App
2025-07-31T15:26:00Z,1,0,0,Fitbit App
2025-07-31T15:27:00Z,1,0,0,Fitbit App
2025-07-31T15:28:00Z,1,0,0,Fitbit App
2025-07-31T15:29:00Z,1,0,0,Fitbit App
2025-07-31T15:30:00Z,1,0,0,Fitbit App
2025-07-31T15:31:00Z,1,0,0,Fitbit App
2025-07-31T19:09:37Z,1,0,0,Fitbit App
2025-07-31T19:10:37Z,1,0,0,Fitbit App
2025-07-31T19:11:34Z,1,0,0,Fitbit App
2025-07-31T19:12:34Z,1,0,0,Fitbit App
2025-07-31T19:13:34Z,1,0,0,Fitbit App
2025-07-31T19:14:34Z,1,0,0,Fitbit App
2025-07-31T19:15:34Z,1,0,0,Fitbit App
2025-07-31T19:16:34Z,1,0,0,Fitbit App
