timestamp,level,data source
2025-09-01T03:18:24Z,SEDENTARY,Fitbit App
2025-09-01T03:19:24Z,LIGHTLY_ACTIVE,Fitbit App
2025-09-01T03:20:24Z,VERY_ACTIVE,Fitbit App
2025-09-01T03:21:24Z,MODERATELY_ACTIVE,Fitbit App
2025-09-01T03:31:24Z,LIGHTLY_ACTIVE,Fitbit App
2025-09-01T03:32:24Z,MODERATELY_ACTIVE,Fitbit App
2025-09-01T03:33:24Z,MODERATELY_ACTIVE,Fitbit App
2025-09-01T03:34:24Z,LIGHTLY_ACTIVE,Fitbit App
2025-09-01T08:22:24Z,LIGHTLY_ACTIVE,Fitbit App
2025-09-01T08:23:24Z,VERY_ACTIVE,Fitbit App
2025-09-01T08:24:24Z,MODERATELY_ACTIVE,Fitbit App
2025-09-01T08:25:24Z,LIGHTLY_ACTIVE,Fitbit App
2025-09-01T08:26:24Z,LIGHTLY_ACTIVE,Fitbit App
2025-09-01T08:27:24Z,SEDENTARY,Fitbit App
2025-09-01T08:28:24Z,LIGHTLY_ACTIVE,Fitbit App
2025-09-01T08:29:24Z,MODERATELY_ACTIVE,Fitbit App
2025-09-01T08:30:24Z,LIGHTLY_ACTIVE,Fitbit App
2025-09-01T08:35:24Z,SEDENTARY,Fitbit App
2025-09-01T08:36:24Z,LIGHTLY_ACTIVE,Fitbit App
2025-09-01T08:37:24Z,MODERATELY_ACTIVE,Fitbit App
2025-09-01T08:38:24Z,VERY_ACTIVE,Fitbit App
2025-09-01T09:18:24Z,LIGHTLY_ACTIVE,Fitbit App
2025-09-01T09:19:24Z,LIGHTLY_ACTIVE,Fitbit App
2025-09-01T11:00:04Z,LIGHTLY_ACTIVE,Fitbit App
2025-09-01T11:01:04Z,MODERATELY_ACTIVE,Fitbit App
2025-09-01T11:02:04Z,VERY_ACTIVE,Fitbit App
2025-09-01T11:03:04Z,MODERATELY_ACTIVE,Fitbit App
2025-09-01T11:04:04Z,LIGHTLY_ACTIVE,Fitbit App
2025-09-01T11:05:04Z,LIGHTLY_ACTIVE,Fitbit App
2025-09-01T11:14:04Z,LIGHTLY_ACTIVE,Fitbit App
2025-09-01T11:15:04Z,MODERATELY_ACTIVE,Fitbit App
2025-09-01T11:16:04Z,VERY_ACTIVE,Fitbit App
2025-09-01T11:17:04Z,MODERATELY_ACTIVE,Fitbit App
2025-09-01T11:18:04Z,LIGHTLY_ACTIVE,Fitbit App
2025-09-01T11:19:04Z,LIGHTLY_ACTIVE,Fitbit App
2025-09-01T11:20:04Z,LIGHTLY_ACTIVE,Fitbit App
2025-09-01T11:21:04Z,MODERATELY_ACTIVE,Fitbit App
2025-09-01T11:22:04Z,MODERATELY_ACTIVE,Fitbit App
2025-09-01T11:23:04Z,MODERATELY_ACTIVE,Fitbit App
2025-09-01T11:24:04Z,LIGHTLY_ACTIVE,Fitbit App
2025-09-01T11:25:04Z,LIGHTLY_ACTIVE,Fitbit App
2025-09-01T11:26:04Z,VERY_ACTIVE,Fitbit App
2025-09-01T11:27:04Z,MODERATELY_ACTIVE,Fitbit App
2025-09-01T11:28:04Z,LIGHTLY_ACTIVE,Fitbit App
2025-09-01T11:29:04Z,MODERATELY_ACTIVE,Fitbit App
2025-09-01T11:30:04Z,MODERATELY_ACTIVE,Fitbit App
2025-09-01T11:31:04Z,LIGHTLY_ACTIVE,Fitbit App
2025-09-01T11:32:04Z,MODERATELY_ACTIVE,Fitbit App
2025-09-01T11:33:04Z,MODERATELY_ACTIVE,Fitbit App
2025-09-01T11:34:04Z,LIGHTLY_ACTIVE,Fitbit App
2025-09-01T11:35:04Z,MODERATELY_ACTIVE,Fitbit App
2025-09-01T11:36:04Z,VERY_ACTIVE,Fitbit App
2025-09-01T11:37:04Z,VERY_ACTIVE,Fitbit App
2025-09-01T15:00:04Z,LIGHTLY_ACTIVE,Fitbit App
2025-09-01T15:01:04Z,VERY_ACTIVE,Fitbit App
2025-09-01T15:02:04Z,VERY_ACTIVE,Fitbit App
2025-09-01T15:03:04Z,MODERATELY_ACTIVE,Fitbit App
2025-09-01T15:04:04Z,LIGHTLY_ACTIVE,Fitbit App
2025-09-01T15:05:04Z,LIGHTLY_ACTIVE,Fitbit App
2025-09-01T15:06:04Z,LIGHTLY_ACTIVE,Fitbit App
2025-09-01T15:15:04Z,SEDENTARY,Fitbit App
2025-09-01T15:16:04Z,LIGHTLY_ACTIVE,Fitbit App
2025-09-01T15:17:04Z,MODERATELY_ACTIVE,Fitbit App
2025-09-01T15:18:04Z,VERY_ACTIVE,Fitbit App
2025-09-01T15:19:04Z,MODERATELY_ACTIVE,Fitbit App
2025-09-01T15:20:04Z,LIGHTLY_ACTIVE,Fitbit App
2025-09-01T15:21:04Z,LIGHTLY_ACTIVE,Fitbit App
2025-09-02T10:48:04Z,LIGHTLY_ACTIVE,Fitbit App
2025-09-02T10:49:04Z,LIGHTLY_ACTIVE,Fitbit App
2025-09-02T10:58:04Z,LIGHTLY_ACTIVE,Fitbit App
2025-09-02T10:59:04Z,MODERATELY_ACTIVE,Fitbit App
2025-09-02T11:00:04Z,VERY_ACTIVE,Fitbit App
2025-09-02T11:01:04Z,MODERATELY_ACTIVE,Fitbit App
2025-09-02T11:02:04Z,LIGHTLY_ACTIVE,Fitbit App
2025-09-02T11:03:04Z,LIGHTLY_ACTIVE,Fitbit App
2025-09-02T11:10:04Z,SEDENTARY,Fitbit App
2025-09-02T11:11:04Z,LIGHTLY_ACTIVE,Fitbit App
2025-09-02T11:12:04Z,MODERATELY_ACTIVE,Fitbit App
2025-09-02T11:13:04Z,VERY_ACTIVE,Fitbit App
2025-09-02T11:14:04Z,VERY_ACTIVE,Fitbit App
2025-09-02T11:15:04Z,MODERATELY_ACTIVE,Fitbit App
2025-09-02T11:16:04Z,LIGHTLY_ACTIVE,Fitbit App
2025-09-02T11:17:04Z,LIGHTLY_ACTIVE,Fitbit App
2025-09-02T11:18:04Z,MODERATELY_ACTIVE,Fitbit App
2025-09-02T11:19:04Z,MODERATELY_ACTIVE,Fitbit App
2025-09-02T11:20:04Z,MODERATELY_ACTIVE,Fitbit App
2025-09-02T11:21:04Z,LIGHTLY_ACTIVE,Fitbit App
2025-09-02T11:22:04Z,LIGHTLY_ACTIVE,Fitbit App
2025-09-02T11:23:04Z,MODERATELY_ACTIVE,Fitbit App
2025-09-02T11:24:04Z,MODERATELY_ACTIVE,Fitbit App
2025-09-02T11:25:04Z,VERY_ACTIVE,Fitbit App
2025-09-02T11:26:04Z,VERY_ACTIVE,Fitbit App
2025-09-02T11:27:04Z,VERY_ACTIVE,Fitbit App
2025-09-02T11:28:04Z,VERY_ACTIVE,Fitbit App
2025-09-02T11:29:04Z,MODERATELY_ACTIVE,Fitbit App
2025-09-02T11:30:04Z,LIGHTLY_ACTIVE,Fitbit App
2025-09-02T11:31:04Z,VERY_ACTIVE,Fitbit App
2025-09-02T11:32:04Z,LIGHTLY_ACTIVE,Fitbit App
2025-09-02T12:12:04Z,LIGHTLY_ACTIVE,Fitbit App
2025-09-02T12:13:04Z,MODERATELY_ACTIVE,Fitbit App
2025-09-02T12:14:04Z,MODERATELY_ACTIVE,Fitbit App
2025-09-02T12:18:04Z,LIGHTLY_ACTIVE,Fitbit App
2025-09-02T12:19:04Z,LIGHTLY_ACTIVE,Fitbit App
2025-09-02T12:23:04Z,LIGHTLY_ACTIVE,Fitbit App
2025-09-02T12:24:04Z,LIGHTLY_ACTIVE,Fitbit App
2025-09-02T12:25:04Z,LIGHTLY_ACTIVE,Fitbit App
2025-09-02T12:26:04Z,MODERATELY_ACTIVE,Fitbit App
2025-09-02T12:27:04Z,MODERATELY_ACTIVE,Fitbit App
2025-09-02T12:45:04Z,LIGHTLY_ACTIVE,Fitbit App
2025-09-02T12:46:04Z,LIGHTLY_ACTIVE,Fitbit App
2025-09-02T12:47:04Z,MODERATELY_ACTIVE,Fitbit App
2025-09-02T12:53:04Z,LIGHTLY_ACTIVE,Fitbit App
2025-09-02T12:54:04Z,LIGHTLY_ACTIVE,Fitbit App
2025-09-02T12:55:04Z,LIGHTLY_ACTIVE,Fitbit App
2025-09-02T12:56:04Z,MODERATELY_ACTIVE,Fitbit App
2025-09-02T12:57:04Z,VERY_ACTIVE,Fitbit App
2025-09-02T12:58:04Z,MODERATELY_ACTIVE,Fitbit App
2025-09-02T12:59:04Z,VERY_ACTIVE,Fitbit App
2025-09-02T13:00:04Z,VERY_ACTIVE,Fitbit App
2025-09-02T13:01:04Z,MODERATELY_ACTIVE,Fitbit App
2025-09-02T13:02:04Z,LIGHTLY_ACTIVE,Fitbit App
2025-09-02T13:03:04Z,VERY_ACTIVE,Fitbit App
2025-09-02T14:53:04Z,LIGHTLY_ACTIVE,Fitbit App
2025-09-02T14:54:04Z,VERY_ACTIVE,Fitbit App
2025-09-02T14:55:04Z,MODERATELY_ACTIVE,Fitbit App
2025-09-02T14:56:04Z,LIGHTLY_ACTIVE,Fitbit App
2025-09-02T14:57:04Z,LIGHTLY_ACTIVE,Fitbit App
2025-09-02T15:06:04Z,LIGHTLY_ACTIVE,Fitbit App
2025-09-02T15:07:04Z,MODERATELY_ACTIVE,Fitbit App
2025-09-02T15:08:04Z,MODERATELY_ACTIVE,Fitbit App
2025-09-02T15:09:04Z,MODERATELY_ACTIVE,Fitbit App
2025-09-02T19:16:48Z,SEDENTARY,Fitbit App
2025-09-02T19:17:48Z,LIGHTLY_ACTIVE,Fitbit App
2025-09-02T19:18:48Z,VERY_ACTIVE,Fitbit App
2025-09-02T19:19:48Z,VERY_ACTIVE,Fitbit App
2025-09-02T19:20:48Z,LIGHTLY_ACTIVE,Fitbit App
2025-09-02T19:21:48Z,VERY_ACTIVE,Fitbit App
2025-09-02T19:22:48Z,VERY_ACTIVE,Fitbit App
2025-09-02T19:23:48Z,MODERATELY_ACTIVE,Fitbit App
2025-09-02T19:24:48Z,LIGHTLY_ACTIVE,Fitbit App
2025-09-03T01:08:48Z,SEDENTARY,Fitbit App
2025-09-03T01:09:48Z,LIGHTLY_ACTIVE,Fitbit App
2025-09-03T02:38:48Z,SEDENTARY,Fitbit App
2025-09-03T02:39:48Z,LIGHTLY_ACTIVE,Fitbit App
2025-09-03T02:40:48Z,VERY_ACTIVE,Fitbit App
2025-09-03T02:41:48Z,LIGHTLY_ACTIVE,Fitbit App
2025-09-03T02:46:48Z,LIGHTLY_ACTIVE,Fitbit App
2025-09-03T02:47:48Z,LIGHTLY_ACTIVE,Fitbit App
2025-09-03T02:48:48Z,MODERATELY_ACTIVE,Fitbit App
2025-09-03T02:49:48Z,MODERATELY_ACTIVE,Fitbit App
2025-09-03T06:40:48Z,LIGHTLY_ACTIVE,Fitbit App
2025-09-03T06:41:48Z,MODERATELY_ACTIVE,Fitbit App
2025-09-03T06:42:48Z,VERY_ACTIVE,Fitbit App
2025-09-03T06:43:48Z,MODERATELY_ACTIVE,Fitbit App
2025-09-03T06:44:48Z,LIGHTLY_ACTIVE,Fitbit App
2025-09-03T06:53:48Z,LIGHTLY_ACTIVE,Fitbit App
2025-09-03T06:54:48Z,MODERATELY_ACTIVE,Fitbit App
2025-09-03T06:55:48Z,MODERATELY_ACTIVE,Fitbit App
2025-09-03T06:56:48Z,VERY_ACTIVE,Fitbit App
2025-09-03T11:13:48Z,LIGHTLY_ACTIVE,Fitbit App
2025-09-03T11:14:48Z,MODERATELY_ACTIVE,Fitbit App
2025-09-03T11:15:48Z,VERY_ACTIVE,Fitbit App
2025-09-03T11:16:48Z,MODERATELY_ACTIVE,Fitbit App
2025-09-03T11:17:48Z,LIGHTLY_ACTIVE,Fitbit App
2025-09-03T11:18:48Z,LIGHTLY_ACTIVE,Fitbit App
2025-09-03T11:19:48Z,SEDENTARY,Fitbit App
2025-09-03T11:20:48Z,LIGHTLY_ACTIVE,Fitbit App
2025-09-03T11:21:48Z,LIGHTLY_ACTIVE,Fitbit App
2025-09-03T11:22:48Z,LIGHTLY_ACTIVE,Fitbit App
2025-09-03T11:23:48Z,MODERATELY_ACTIVE,Fitbit App
2025-09-03T11:24:48Z,MODERATELY_ACTIVE,Fitbit App
2025-09-03T11:25:48Z,VERY_ACTIVE,Fitbit App
2025-09-03T11:26:48Z,VERY_ACTIVE,Fitbit App
2025-09-03T11:27:48Z,MODERATELY_ACTIVE,Fitbit App
2025-09-03T11:28:48Z,LIGHTLY_ACTIVE,Fitbit App
2025-09-03T11:29:48Z,VERY_ACTIVE,Fitbit App
2025-09-03T11:30:48Z,MODERATELY_ACTIVE,Fitbit App
2025-09-03T11:31:48Z,LIGHTLY_ACTIVE,Fitbit App
2025-09-03T11:32:48Z,MODERATELY_ACTIVE,Fitbit App
2025-09-03T11:33:48Z,MODERATELY_ACTIVE,Fitbit App
2025-09-03T11:34:48Z,MODERATELY_ACTIVE,Fitbit App
2025-09-03T11:35:48Z,MODERATELY_ACTIVE,Fitbit App
2025-09-03T11:36:48Z,MODERATELY_ACTIVE,Fitbit App
2025-09-03T11:37:48Z,LIGHTLY_ACTIVE,Fitbit App
2025-09-03T11:38:48Z,VERY_ACTIVE,Fitbit App
2025-09-03T11:39:48Z,VERY_ACTIVE,Fitbit App
2025-09-03T11:40:48Z,LIGHTLY_ACTIVE,Fitbit App
2025-09-03T11:41:48Z,MODERATELY_ACTIVE,Fitbit App
2025-09-03T11:43:48Z,LIGHTLY_ACTIVE,Fitbit App
2025-09-03T11:44:48Z,LIGHTLY_ACTIVE,Fitbit App
2025-09-03T11:45:48Z,LIGHTLY_ACTIVE,Fitbit App
2025-09-03T11:46:48Z,LIGHTLY_ACTIVE,Fitbit App
2025-09-03T11:47:48Z,MODERATELY_ACTIVE,Fitbit App
2025-09-03T11:48:48Z,VERY_ACTIVE,Fitbit App
2025-09-03T11:49:48Z,VERY_ACTIVE,Fitbit App
2025-09-03T11:50:48Z,LIGHTLY_ACTIVE,Fitbit App
2025-09-03T15:21:48Z,VERY_ACTIVE,Fitbit App
2025-09-03T15:22:48Z,MODERATELY_ACTIVE,Fitbit App
2025-09-03T15:23:48Z,LIGHTLY_ACTIVE,Fitbit App
2025-09-03T15:24:48Z,LIGHTLY_ACTIVE,Fitbit App
2025-09-03T15:39:48Z,LIGHTLY_ACTIVE,Fitbit App
2025-09-03T15:40:48Z,MODERATELY_ACTIVE,Fitbit App
2025-09-03T15:41:48Z,MODERATELY_ACTIVE,Fitbit App
2025-09-03T15:42:48Z,MODERATELY_ACTIVE,Fitbit App
2025-09-03T17:25:48Z,LIGHTLY_ACTIVE,Fitbit App
2025-09-03T17:26:48Z,LIGHTLY_ACTIVE,Fitbit App
2025-09-04T08:38:48Z,SEDENTARY,Fitbit App
2025-09-04T08:39:48Z,LIGHTLY_ACTIVE,Fitbit App
2025-09-04T08:40:48Z,VERY_ACTIVE,Fitbit App
2025-09-04T08:41:48Z,VERY_ACTIVE,Fitbit App
2025-09-04T08:42:48Z,VERY_ACTIVE,Fitbit App
2025-09-04T08:43:48Z,VERY_ACTIVE,Fitbit App
2025-09-04T08:44:48Z,VERY_ACTIVE,Fitbit App
2025-09-04T08:45:48Z,VERY_ACTIVE,Fitbit App
2025-09-04T08:46:48Z,VERY_ACTIVE,Fitbit App
2025-09-04T08:47:48Z,MODERATELY_ACTIVE,Fitbit App
2025-09-04T08:48:48Z,VERY_ACTIVE,Fitbit App
2025-09-04T08:49:48Z,LIGHTLY_ACTIVE,Fitbit App
2025-09-04T09:00:48Z,LIGHTLY_ACTIVE,Fitbit App
2025-09-04T09:01:48Z,LIGHTLY_ACTIVE,Fitbit App
2025-09-04T09:35:48Z,LIGHTLY_ACTIVE,Fitbit App
2025-09-04T09:36:48Z,LIGHTLY_ACTIVE,Fitbit App
2025-09-04T09:51:48Z,LIGHTLY_ACTIVE,Fitbit App
2025-09-04T09:52:48Z,LIGHTLY_ACTIVE,Fitbit App
2025-09-04T09:53:48Z,LIGHTLY_ACTIVE,Fitbit App
2025-09-04T09:54:48Z,LIGHTLY_ACTIVE,Fitbit App
2025-09-04T09:55:48Z,LIGHTLY_ACTIVE,Fitbit App
2025-09-04T09:56:48Z,LIGHTLY_ACTIVE,Fitbit App
2025-09-04T09:59:48Z,SEDENTARY,Fitbit App
2025-09-04T10:00:48Z,LIGHTLY_ACTIVE,Fitbit App
2025-09-04T10:01:48Z,LIGHTLY_ACTIVE,Fitbit App
2025-09-04T10:03:48Z,LIGHTLY_ACTIVE,Fitbit App
2025-09-04T10:04:48Z,LIGHTLY_ACTIVE,Fitbit App
2025-09-04T10:06:48Z,LIGHTLY_ACTIVE,Fitbit App
2025-09-04T10:07:48Z,LIGHTLY_ACTIVE,Fitbit App
2025-09-04T10:08:48Z,LIGHTLY_ACTIVE,Fitbit App
2025-09-04T10:09:48Z,LIGHTLY_ACTIVE,Fitbit App
2025-09-04T10:10:48Z,LIGHTLY_ACTIVE,Fitbit App
2025-09-04T10:25:48Z,LIGHTLY_ACTIVE,Fitbit App
2025-09-04T10:26:48Z,LIGHTLY_ACTIVE,Fitbit App
2025-09-04T10:27:48Z,SEDENTARY,Fitbit App
2025-09-04T10:28:48Z,LIGHTLY_ACTIVE,Fitbit App
2025-09-04T10:30:48Z,LIGHTLY_ACTIVE,Fitbit App
2025-09-04T10:31:48Z,MODERATELY_ACTIVE,Fitbit App
2025-09-04T10:32:48Z,SEDENTARY,Fitbit App
2025-09-04T10:33:48Z,LIGHTLY_ACTIVE,Fitbit App
2025-09-04T10:34:48Z,LIGHTLY_ACTIVE,Fitbit App
2025-09-04T10:37:48Z,LIGHTLY_ACTIVE,Fitbit App
2025-09-04T10:38:48Z,LIGHTLY_ACTIVE,Fitbit App
2025-09-04T10:39:48Z,LIGHTLY_ACTIVE,Fitbit App
2025-09-04T10:40:48Z,LIGHTLY_ACTIVE,Fitbit App
2025-09-04T11:41:48Z,LIGHTLY_ACTIVE,Fitbit App
2025-09-04T11:42:48Z,MODERATELY_ACTIVE,Fitbit App
2025-09-04T11:43:48Z,LIGHTLY_ACTIVE,Fitbit App
2025-09-04T11:44:48Z,LIGHTLY_ACTIVE,Fitbit App
2025-09-04T11:45:48Z,MODERATELY_ACTIVE,Fitbit App
2025-09-04T11:46:48Z,LIGHTLY_ACTIVE,Fitbit App
2025-09-04T11:47:48Z,VERY_ACTIVE,Fitbit App
2025-09-04T11:48:48Z,VERY_ACTIVE,Fitbit App
2025-09-04T11:49:48Z,VERY_ACTIVE,Fitbit App
2025-09-04T11:50:48Z,VERY_ACTIVE,Fitbit App
2025-09-04T11:51:48Z,VERY_ACTIVE,Fitbit App
2025-09-04T11:52:48Z,VERY_ACTIVE,Fitbit App
2025-09-04T11:53:48Z,VERY_ACTIVE,Fitbit App
2025-09-04T11:54:48Z,VERY_ACTIVE,Fitbit App
2025-09-04T11:55:48Z,VERY_ACTIVE,Fitbit App
2025-09-04T11:56:48Z,VERY_ACTIVE,Fitbit App
2025-09-04T11:57:48Z,VERY_ACTIVE,Fitbit App
2025-09-04T11:58:48Z,VERY_ACTIVE,Fitbit App
2025-09-04T11:59:48Z,VERY_ACTIVE,Fitbit App
2025-09-04T12:00:48Z,LIGHTLY_ACTIVE,Fitbit App
2025-09-04T12:01:48Z,VERY_ACTIVE,Fitbit App
2025-09-04T12:02:48Z,MODERATELY_ACTIVE,Fitbit App
2025-09-04T12:03:48Z,LIGHTLY_ACTIVE,Fitbit App
2025-09-04T12:04:48Z,LIGHTLY_ACTIVE,Fitbit App
2025-09-04T12:11:48Z,LIGHTLY_ACTIVE,Fitbit App
2025-09-04T12:12:48Z,MODERATELY_ACTIVE,Fitbit App
2025-09-04T12:13:48Z,VERY_ACTIVE,Fitbit App
2025-09-04T12:14:48Z,LIGHTLY_ACTIVE,Fitbit App
2025-09-04T14:55:48Z,LIGHTLY_ACTIVE,Fitbit App
2025-09-04T14:56:48Z,MODERATELY_ACTIVE,Fitbit App
2025-09-04T14:57:48Z,MODERATELY_ACTIVE,Fitbit App
2025-09-04T15:07:48Z,LIGHTLY_ACTIVE,Fitbit App
2025-09-04T15:08:48Z,LIGHTLY_ACTIVE,Fitbit App
2025-09-04T15:15:48Z,LIGHTLY_ACTIVE,Fitbit App
2025-09-04T15:16:48Z,MODERATELY_ACTIVE,Fitbit App
2025-09-04T15:17:48Z,VERY_ACTIVE,Fitbit App
2025-09-05T03:02:48Z,LIGHTLY_ACTIVE,Fitbit App
2025-09-05T03:03:48Z,MODERATELY_ACTIVE,Fitbit App
2025-09-05T03:04:48Z,MODERATELY_ACTIVE,Fitbit App
2025-09-05T03:05:48Z,LIGHTLY_ACTIVE,Fitbit App
2025-09-05T03:11:48Z,SEDENTARY,Fitbit App
2025-09-05T03:12:48Z,LIGHTLY_ACTIVE,Fitbit App
2025-09-05T03:13:48Z,MODERATELY_ACTIVE,Fitbit App
2025-09-05T03:14:48Z,VERY_ACTIVE,Fitbit App
2025-09-05T11:09:48Z,LIGHTLY_ACTIVE,Fitbit App
2025-09-05T11:10:48Z,LIGHTLY_ACTIVE,Fitbit App
2025-09-05T11:11:48Z,MODERATELY_ACTIVE,Fitbit App
2025-09-05T11:12:48Z,VERY_ACTIVE,Fitbit App
2025-09-05T11:13:48Z,LIGHTLY_ACTIVE,Fitbit App
2025-09-05T11:17:48Z,LIGHTLY_ACTIVE,Fitbit App
2025-09-05T11:18:48Z,MODERATELY_ACTIVE,Fitbit App
2025-09-05T11:19:48Z,VERY_ACTIVE,Fitbit App
2025-09-05T11:20:48Z,VERY_ACTIVE,Fitbit App
2025-09-05T11:21:48Z,VERY_ACTIVE,Fitbit App
2025-09-05T11:22:48Z,VERY_ACTIVE,Fitbit App
2025-09-05T11:23:48Z,VERY_ACTIVE,Fitbit App
2025-09-05T11:24:48Z,VERY_ACTIVE,Fitbit App
2025-09-05T11:25:48Z,VERY_ACTIVE,Fitbit App
2025-09-05T11:26:48Z,VERY_ACTIVE,Fitbit App
2025-09-05T11:27:48Z,VERY_ACTIVE,Fitbit App
2025-09-05T11:28:48Z,VERY_ACTIVE,Fitbit App
2025-09-05T11:29:48Z,VERY_ACTIVE,Fitbit App
2025-09-05T11:30:48Z,VERY_ACTIVE,Fitbit App
2025-09-05T11:31:48Z,VERY_ACTIVE,Fitbit App
2025-09-05T11:32:48Z,MODERATELY_ACTIVE,Fitbit App
2025-09-05T11:33:48Z,MODERATELY_ACTIVE,Fitbit App
2025-09-05T11:34:48Z,LIGHTLY_ACTIVE,Fitbit App
2025-09-05T15:12:48Z,LIGHTLY_ACTIVE,Fitbit App
2025-09-05T15:13:48Z,MODERATELY_ACTIVE,Fitbit App
2025-09-05T15:14:48Z,MODERATELY_ACTIVE,Fitbit App
2025-09-05T15:15:48Z,LIGHTLY_ACTIVE,Fitbit App
2025-09-05T15:16:48Z,LIGHTLY_ACTIVE,Fitbit App
2025-09-05T15:17:48Z,LIGHTLY_ACTIVE,Fitbit App
2025-09-05T15:32:48Z,LIGHTLY_ACTIVE,Fitbit App
2025-09-05T15:33:48Z,MODERATELY_ACTIVE,Fitbit App
2025-09-05T15:34:48Z,MODERATELY_ACTIVE,Fitbit App
2025-09-05T15:35:48Z,VERY_ACTIVE,Fitbit App
2025-09-05T19:14:48Z,LIGHTLY_ACTIVE,Fitbit App
2025-09-05T19:15:48Z,LIGHTLY_ACTIVE,Fitbit App
2025-09-06T00:24:48Z,SEDENTARY,Fitbit App
2025-09-06T00:25:48Z,LIGHTLY_ACTIVE,Fitbit App
2025-09-06T02:59:48Z,SEDENTARY,Fitbit App
2025-09-06T03:00:48Z,LIGHTLY_ACTIVE,Fitbit App
2025-09-06T10:06:48Z,SEDENTARY,Fitbit App
2025-09-06T10:07:48Z,LIGHTLY_ACTIVE,Fitbit App
2025-09-06T10:08:48Z,VERY_ACTIVE,Fitbit App
2025-09-06T10:09:48Z,VERY_ACTIVE,Fitbit App
2025-09-06T10:10:48Z,LIGHTLY_ACTIVE,Fitbit App
2025-09-06T10:11:48Z,LIGHTLY_ACTIVE,Fitbit App
2025-09-06T10:12:48Z,LIGHTLY_ACTIVE,Fitbit App
2025-09-06T10:13:48Z,VERY_ACTIVE,Fitbit App
2025-09-06T10:14:48Z,VERY_ACTIVE,Fitbit App
2025-09-06T10:15:48Z,MODERATELY_ACTIVE,Fitbit App
2025-09-06T10:59:48Z,LIGHTLY_ACTIVE,Fitbit App
2025-09-06T11:00:48Z,MODERATELY_ACTIVE,Fitbit App
2025-09-06T11:01:48Z,VERY_ACTIVE,Fitbit App
2025-09-06T11:02:48Z,VERY_ACTIVE,Fitbit App
2025-09-06T11:03:48Z,MODERATELY_ACTIVE,Fitbit App
2025-09-06T11:04:48Z,LIGHTLY_ACTIVE,Fitbit App
2025-09-06T11:11:48Z,LIGHTLY_ACTIVE,Fitbit App
2025-09-06T11:12:48Z,MODERATELY_ACTIVE,Fitbit App
2025-09-06T11:13:48Z,VERY_ACTIVE,Fitbit App
2025-09-06T11:14:48Z,VERY_ACTIVE,Fitbit App
2025-09-06T11:15:48Z,MODERATELY_ACTIVE,Fitbit App
2025-09-06T15:02:48Z,LIGHTLY_ACTIVE,Fitbit App
2025-09-06T15:03:48Z,MODERATELY_ACTIVE,Fitbit App
2025-09-06T15:04:48Z,MODERATELY_ACTIVE,Fitbit App
2025-09-06T15:05:48Z,LIGHTLY_ACTIVE,Fitbit App
2025-09-06T15:06:48Z,LIGHTLY_ACTIVE,Fitbit App
2025-09-06T15:13:48Z,SEDENTARY,Fitbit App
2025-09-06T15:14:48Z,LIGHTLY_ACTIVE,Fitbit App
2025-09-06T15:15:48Z,LIGHTLY_ACTIVE,Fitbit App
2025-09-06T15:29:48Z,SEDENTARY,Fitbit App
2025-09-06T15:30:48Z,LIGHTLY_ACTIVE,Fitbit App
2025-09-06T15:31:48Z,MODERATELY_ACTIVE,Fitbit App
2025-09-06T15:32:48Z,MODERATELY_ACTIVE,Fitbit App
2025-09-07T08:14:48Z,SEDENTARY,Fitbit App
2025-09-07T08:15:48Z,LIGHTLY_ACTIVE,Fitbit App
2025-09-07T08:16:48Z,VERY_ACTIVE,Fitbit App
2025-09-07T08:17:48Z,LIGHTLY_ACTIVE,Fitbit App
2025-09-07T08:18:48Z,SEDENTARY,Fitbit App
2025-09-07T08:19:48Z,LIGHTLY_ACTIVE,Fitbit App
2025-09-07T08:20:48Z,MODERATELY_ACTIVE,Fitbit App
2025-09-07T08:41:48Z,SEDENTARY,Fitbit App
2025-09-07T08:42:48Z,LIGHTLY_ACTIVE,Fitbit App
2025-09-07T08:43:48Z,MODERATELY_ACTIVE,Fitbit App
2025-09-07T08:44:48Z,MODERATELY_ACTIVE,Fitbit App
2025-09-07T08:45:48Z,MODERATELY_ACTIVE,Fitbit App
2025-09-07T10:27:48Z,LIGHTLY_ACTIVE,Fitbit App
2025-09-07T10:28:48Z,LIGHTLY_ACTIVE,Fitbit App
2025-09-07T11:03:48Z,SEDENTARY,Fitbit App
2025-09-07T11:04:48Z,LIGHTLY_ACTIVE,Fitbit App
2025-09-07T11:05:48Z,VERY_ACTIVE,Fitbit App
2025-09-07T11:06:48Z,MODERATELY_ACTIVE,Fitbit App
2025-09-07T11:07:48Z,LIGHTLY_ACTIVE,Fitbit App
2025-09-07T11:12:48Z,LIGHTLY_ACTIVE,Fitbit App
2025-09-07T11:13:48Z,LIGHTLY_ACTIVE,Fitbit App
2025-09-07T11:14:48Z,MODERATELY_ACTIVE,Fitbit App
2025-09-07T11:15:48Z,VERY_ACTIVE,Fitbit App
2025-09-07T11:16:48Z,VERY_ACTIVE,Fitbit App
2025-09-07T11:17:48Z,VERY_ACTIVE,Fitbit App
2025-09-07T11:18:48Z,VERY_ACTIVE,Fitbit App
2025-09-07T11:19:48Z,VERY_ACTIVE,Fitbit App
2025-09-07T11:20:48Z,VERY_ACTIVE,Fitbit App
2025-09-07T11:21:48Z,VERY_ACTIVE,Fitbit App
2025-09-07T11:22:48Z,VERY_ACTIVE,Fitbit App
2025-09-07T11:23:48Z,VERY_ACTIVE,Fitbit App
2025-09-07T11:24:48Z,VERY_ACTIVE,Fitbit App
2025-09-07T11:25:48Z,VERY_ACTIVE,Fitbit App
2025-09-07T11:26:48Z,VERY_ACTIVE,Fitbit App
2025-09-07T11:27:48Z,VERY_ACTIVE,Fitbit App
2025-09-07T11:28:48Z,VERY_ACTIVE,Fitbit App
2025-09-07T11:29:48Z,VERY_ACTIVE,Fitbit App
2025-09-07T11:30:48Z,VERY_ACTIVE,Fitbit App
2025-09-07T11:31:48Z,VERY_ACTIVE,Fitbit App
2025-09-07T11:32:48Z,VERY_ACTIVE,Fitbit App
2025-09-07T11:33:48Z,VERY_ACTIVE,Fitbit App
2025-09-07T11:34:48Z,VERY_ACTIVE,Fitbit App
2025-09-07T11:35:48Z,VERY_ACTIVE,Fitbit App
2025-09-07T11:36:48Z,MODERATELY_ACTIVE,Fitbit App
2025-09-07T11:37:48Z,LIGHTLY_ACTIVE,Fitbit App
2025-09-07T11:42:48Z,LIGHTLY_ACTIVE,Fitbit App
2025-09-07T11:43:48Z,LIGHTLY_ACTIVE,Fitbit App
2025-09-07T11:50:48Z,LIGHTLY_ACTIVE,Fitbit App
2025-09-07T11:51:48Z,LIGHTLY_ACTIVE,Fitbit App
2025-09-07T11:54:48Z,LIGHTLY_ACTIVE,Fitbit App
2025-09-07T11:55:48Z,MODERATELY_ACTIVE,Fitbit App
2025-09-07T11:56:48Z,LIGHTLY_ACTIVE,Fitbit App
2025-09-07T14:56:48Z,LIGHTLY_ACTIVE,Fitbit App
2025-09-07T14:57:48Z,VERY_ACTIVE,Fitbit App
2025-09-07T14:58:48Z,MODERATELY_ACTIVE,Fitbit App
2025-09-07T14:59:48Z,LIGHTLY_ACTIVE,Fitbit App
2025-09-07T15:00:48Z,LIGHTLY_ACTIVE,Fitbit App
2025-09-07T15:07:48Z,LIGHTLY_ACTIVE,Fitbit App
2025-09-07T15:08:48Z,MODERATELY_ACTIVE,Fitbit App
2025-09-07T15:09:48Z,VERY_ACTIVE,Fitbit App
2025-09-07T15:10:48Z,LIGHTLY_ACTIVE,Fitbit App
2025-09-07T19:40:48Z,SEDENTARY,Fitbit App
2025-09-07T19:41:48Z,LIGHTLY_ACTIVE,Fitbit App
2025-09-07T19:42:48Z,VERY_ACTIVE,Fitbit App
2025-09-07T19:43:48Z,VERY_ACTIVE,Fitbit App
2025-09-07T19:44:48Z,LIGHTLY_ACTIVE,Fitbit App
2025-09-07T19:45:48Z,VERY_ACTIVE,Fitbit App
2025-09-07T19:46:48Z,VERY_ACTIVE,Fitbit App
2025-09-07T19:47:48Z,MODERATELY_ACTIVE,Fitbit App
2025-09-07T19:48:48Z,LIGHTLY_ACTIVE,Fitbit App
2025-09-08T10:39:48Z,SEDENTARY,Fitbit App
2025-09-08T10:40:48Z,LIGHTLY_ACTIVE,Fitbit App
2025-09-08T10:41:48Z,VERY_ACTIVE,Fitbit App
2025-09-08T10:45:48Z,LIGHTLY_ACTIVE,Fitbit App
2025-09-08T10:46:48Z,VERY_ACTIVE,Fitbit App
2025-09-08T10:47:48Z,LIGHTLY_ACTIVE,Fitbit App
2025-09-08T11:02:48Z,LIGHTLY_ACTIVE,Fitbit App
2025-09-08T11:03:48Z,VERY_ACTIVE,Fitbit App
2025-09-08T11:04:48Z,LIGHTLY_ACTIVE,Fitbit App
2025-09-08T11:06:48Z,LIGHTLY_ACTIVE,Fitbit App
2025-09-08T11:07:48Z,MODERATELY_ACTIVE,Fitbit App
2025-09-08T11:08:48Z,VERY_ACTIVE,Fitbit App
2025-09-08T11:09:48Z,VERY_ACTIVE,Fitbit App
2025-09-08T11:10:48Z,VERY_ACTIVE,Fitbit App
2025-09-08T11:11:48Z,MODERATELY_ACTIVE,Fitbit App
2025-09-08T11:18:48Z,SEDENTARY,Fitbit App
2025-09-08T11:19:48Z,LIGHTLY_ACTIVE,Fitbit App
2025-09-08T11:20:48Z,VERY_ACTIVE,Fitbit App
2025-09-08T11:21:48Z,VERY_ACTIVE,Fitbit App
2025-09-08T11:22:48Z,SEDENTARY,Fitbit App
2025-09-08T11:27:48Z,SEDENTARY,Fitbit App
2025-09-08T11:28:48Z,LIGHTLY_ACTIVE,Fitbit App
2025-09-08T11:29:48Z,MODERATELY_ACTIVE,Fitbit App
2025-09-08T11:30:48Z,MODERATELY_ACTIVE,Fitbit App
2025-09-08T11:31:48Z,MODERATELY_ACTIVE,Fitbit App
2025-09-08T11:32:48Z,MODERATELY_ACTIVE,Fitbit App
2025-09-08T11:33:48Z,LIGHTLY_ACTIVE,Fitbit App
2025-09-08T11:34:48Z,LIGHTLY_ACTIVE,Fitbit App
2025-09-08T11:35:48Z,MODERATELY_ACTIVE,Fitbit App
2025-09-08T11:36:48Z,VERY_ACTIVE,Fitbit App
2025-09-08T11:37:48Z,MODERATELY_ACTIVE,Fitbit App
2025-09-08T11:38:48Z,MODERATELY_ACTIVE,Fitbit App
2025-09-08T11:39:48Z,MODERATELY_ACTIVE,Fitbit App
2025-09-08T11:40:48Z,MODERATELY_ACTIVE,Fitbit App
2025-09-08T11:41:48Z,LIGHTLY_ACTIVE,Fitbit App
2025-09-08T11:42:48Z,MODERATELY_ACTIVE,Fitbit App
2025-09-08T11:43:48Z,LIGHTLY_ACTIVE,Fitbit App
2025-09-08T11:44:48Z,LIGHTLY_ACTIVE,Fitbit App
2025-09-08T11:45:48Z,VERY_ACTIVE,Fitbit App
2025-09-08T11:46:48Z,LIGHTLY_ACTIVE,Fitbit App
2025-09-08T11:47:48Z,LIGHTLY_ACTIVE,Fitbit App
2025-09-08T11:48:48Z,MODERATELY_ACTIVE,Fitbit App
2025-09-08T11:49:48Z,VERY_ACTIVE,Fitbit App
2025-09-08T11:50:48Z,VERY_ACTIVE,Fitbit App
2025-09-08T11:51:48Z,VERY_ACTIVE,Fitbit App
2025-09-08T11:52:48Z,VERY_ACTIVE,Fitbit App
2025-09-08T11:53:48Z,MODERATELY_ACTIVE,Fitbit App
2025-09-08T11:54:48Z,VERY_ACTIVE,Fitbit App
2025-09-08T11:55:48Z,LIGHTLY_ACTIVE,Fitbit App
2025-09-08T11:59:48Z,LIGHTLY_ACTIVE,Fitbit App
2025-09-08T12:00:48Z,MODERATELY_ACTIVE,Fitbit App
2025-09-08T12:01:48Z,MODERATELY_ACTIVE,Fitbit App
2025-09-08T12:02:48Z,MODERATELY_ACTIVE,Fitbit App
2025-09-08T12:03:48Z,LIGHTLY_ACTIVE,Fitbit App
2025-09-08T12:04:48Z,LIGHTLY_ACTIVE,Fitbit App
2025-09-08T12:05:48Z,LIGHTLY_ACTIVE,Fitbit App
2025-09-08T12:06:48Z,MODERATELY_ACTIVE,Fitbit App
2025-09-08T12:07:48Z,MODERATELY_ACTIVE,Fitbit App
2025-09-08T12:08:48Z,LIGHTLY_ACTIVE,Fitbit App
2025-09-08T12:09:48Z,VERY_ACTIVE,Fitbit App
2025-09-08T12:10:48Z,LIGHTLY_ACTIVE,Fitbit App
2025-09-08T12:12:48Z,LIGHTLY_ACTIVE,Fitbit App
2025-09-08T12:13:48Z,LIGHTLY_ACTIVE,Fitbit App
2025-09-08T12:14:48Z,LIGHTLY_ACTIVE,Fitbit App
2025-09-08T12:15:48Z,LIGHTLY_ACTIVE,Fitbit App
2025-09-08T14:56:48Z,SEDENTARY,Fitbit App
2025-09-08T14:57:48Z,LIGHTLY_ACTIVE,Fitbit App
2025-09-08T14:58:48Z,VERY_ACTIVE,Fitbit App
2025-09-08T14:59:48Z,MODERATELY_ACTIVE,Fitbit App
2025-09-08T15:00:48Z,LIGHTLY_ACTIVE,Fitbit App
2025-09-08T15:01:48Z,LIGHTLY_ACTIVE,Fitbit App
2025-09-08T15:10:48Z,LIGHTLY_ACTIVE,Fitbit App
2025-09-08T15:11:48Z,MODERATELY_ACTIVE,Fitbit App
2025-09-08T15:12:48Z,MODERATELY_ACTIVE,Fitbit App
2025-09-08T15:13:48Z,MODERATELY_ACTIVE,Fitbit App
2025-09-08T15:14:48Z,LIGHTLY_ACTIVE,Fitbit App
2025-09-08T19:50:48Z,SEDENTARY,Fitbit App
2025-09-08T19:51:48Z,LIGHTLY_ACTIVE,Fitbit App
2025-09-08T19:52:48Z,VERY_ACTIVE,Fitbit App
2025-09-08T19:53:48Z,VERY_ACTIVE,Fitbit App
2025-09-08T19:54:48Z,MODERATELY_ACTIVE,Fitbit App
2025-09-08T19:55:48Z,MODERATELY_ACTIVE,Fitbit App
2025-09-08T19:56:48Z,VERY_ACTIVE,Fitbit App
2025-09-08T19:57:48Z,VERY_ACTIVE,Fitbit App
2025-09-08T19:58:48Z,LIGHTLY_ACTIVE,Fitbit App
2025-09-08T19:59:12Z,LIGHTLY_ACTIVE,Fitbit App
2025-09-09T00:33:12Z,LIGHTLY_ACTIVE,Fitbit App
2025-09-09T00:34:12Z,LIGHTLY_ACTIVE,Fitbit App
2025-09-09T08:06:12Z,LIGHTLY_ACTIVE,Fitbit App
2025-09-09T08:07:12Z,VERY_ACTIVE,Fitbit App
2025-09-09T08:08:12Z,VERY_ACTIVE,Fitbit App
2025-09-09T08:09:12Z,LIGHTLY_ACTIVE,Fitbit App
2025-09-09T08:10:12Z,LIGHTLY_ACTIVE,Fitbit App
2025-09-09T08:11:12Z,LIGHTLY_ACTIVE,Fitbit App
2025-09-09T08:29:12Z,LIGHTLY_ACTIVE,Fitbit App
2025-09-09T08:30:12Z,MODERATELY_ACTIVE,Fitbit App
2025-09-09T08:31:12Z,MODERATELY_ACTIVE,Fitbit App
2025-09-09T08:32:12Z,MODERATELY_ACTIVE,Fitbit App
2025-09-09T11:07:12Z,SEDENTARY,Fitbit App
2025-09-09T11:08:12Z,LIGHTLY_ACTIVE,Fitbit App
2025-09-09T11:09:12Z,VERY_ACTIVE,Fitbit App
2025-09-09T11:10:12Z,MODERATELY_ACTIVE,Fitbit App
2025-09-09T11:11:12Z,LIGHTLY_ACTIVE,Fitbit App
2025-09-09T11:18:12Z,LIGHTLY_ACTIVE,Fitbit App
2025-09-09T11:19:12Z,MODERATELY_ACTIVE,Fitbit App
2025-09-09T11:20:12Z,VERY_ACTIVE,Fitbit App
2025-09-09T11:21:12Z,MODERATELY_ACTIVE,Fitbit App
2025-09-09T11:22:12Z,VERY_ACTIVE,Fitbit App
2025-09-09T11:23:12Z,VERY_ACTIVE,Fitbit App
2025-09-09T11:24:12Z,MODERATELY_ACTIVE,Fitbit App
2025-09-09T11:25:12Z,LIGHTLY_ACTIVE,Fitbit App
2025-09-09T11:26:12Z,VERY_ACTIVE,Fitbit App
2025-09-09T11:27:12Z,VERY_ACTIVE,Fitbit App
2025-09-09T11:28:12Z,LIGHTLY_ACTIVE,Fitbit App
2025-09-09T11:29:12Z,MODERATELY_ACTIVE,Fitbit App
2025-09-09T11:30:12Z,MODERATELY_ACTIVE,Fitbit App
2025-09-09T11:31:12Z,MODERATELY_ACTIVE,Fitbit App
2025-09-09T11:32:12Z,VERY_ACTIVE,Fitbit App
2025-09-09T11:33:12Z,VERY_ACTIVE,Fitbit App
2025-09-09T11:34:12Z,VERY_ACTIVE,Fitbit App
2025-09-09T11:35:12Z,VERY_ACTIVE,Fitbit App
2025-09-09T11:36:12Z,VERY_ACTIVE,Fitbit App
2025-09-09T11:37:12Z,MODERATELY_ACTIVE,Fitbit App
2025-09-09T11:38:12Z,VERY_ACTIVE,Fitbit App
2025-09-09T11:39:12Z,SEDENTARY,Fitbit App
2025-09-09T12:38:12Z,LIGHTLY_ACTIVE,Fitbit App
2025-09-09T12:39:12Z,LIGHTLY_ACTIVE,Fitbit App
2025-09-09T12:40:12Z,MODERATELY_ACTIVE,Fitbit App
2025-09-09T12:41:12Z,VERY_ACTIVE,Fitbit App
2025-09-09T12:42:12Z,VERY_ACTIVE,Fitbit App
2025-09-09T12:43:12Z,VERY_ACTIVE,Fitbit App
2025-09-09T12:44:12Z,VERY_ACTIVE,Fitbit App
2025-09-09T12:45:12Z,VERY_ACTIVE,Fitbit App
2025-09-09T12:46:12Z,VERY_ACTIVE,Fitbit App
2025-09-09T12:47:12Z,VERY_ACTIVE,Fitbit App
2025-09-09T12:48:12Z,VERY_ACTIVE,Fitbit App
2025-09-09T12:49:12Z,VERY_ACTIVE,Fitbit App
2025-09-09T12:50:12Z,VERY_ACTIVE,Fitbit App
2025-09-09T12:51:12Z,VERY_ACTIVE,Fitbit App
2025-09-09T12:52:12Z,VERY_ACTIVE,Fitbit App
2025-09-09T12:53:12Z,VERY_ACTIVE,Fitbit App
2025-09-09T12:54:12Z,VERY_ACTIVE,Fitbit App
2025-09-09T12:55:12Z,LIGHTLY_ACTIVE,Fitbit App
2025-09-09T12:59:12Z,LIGHTLY_ACTIVE,Fitbit App
2025-09-09T13:00:12Z,MODERATELY_ACTIVE,Fitbit App
2025-09-09T13:01:12Z,VERY_ACTIVE,Fitbit App
2025-09-09T13:02:12Z,MODERATELY_ACTIVE,Fitbit App
2025-09-09T13:03:12Z,VERY_ACTIVE,Fitbit App
2025-09-09T13:04:12Z,MODERATELY_ACTIVE,Fitbit App
2025-09-09T13:05:12Z,VERY_ACTIVE,Fitbit App
2025-09-09T13:06:12Z,VERY_ACTIVE,Fitbit App
2025-09-09T13:07:12Z,VERY_ACTIVE,Fitbit App
2025-09-09T13:08:12Z,MODERATELY_ACTIVE,Fitbit App
2025-09-09T13:09:12Z,VERY_ACTIVE,Fitbit App
2025-09-09T13:10:12Z,MODERATELY_ACTIVE,Fitbit App
2025-09-09T13:11:12Z,LIGHTLY_ACTIVE,Fitbit App
2025-09-09T13:12:31Z,MODERATELY_ACTIVE,Fitbit App
2025-09-09T13:13:31Z,LIGHTLY_ACTIVE,Fitbit App
2025-09-09T13:15:31Z,LIGHTLY_ACTIVE,Fitbit App
2025-09-09T13:16:31Z,LIGHTLY_ACTIVE,Fitbit App
2025-09-09T13:17:31Z,MODERATELY_ACTIVE,Fitbit App
2025-09-09T13:18:31Z,VERY_ACTIVE,Fitbit App
2025-09-09T13:19:31Z,VERY_ACTIVE,Fitbit App
2025-09-09T13:20:31Z,VERY_ACTIVE,Fitbit App
2025-09-09T13:21:31Z,VERY_ACTIVE,Fitbit App
2025-09-09T13:22:31Z,VERY_ACTIVE,Fitbit App
2025-09-09T13:23:31Z,MODERATELY_ACTIVE,Fitbit App
2025-09-09T13:24:31Z,VERY_ACTIVE,Fitbit App
2025-09-09T13:25:31Z,VERY_ACTIVE,Fitbit App
2025-09-09T13:26:31Z,VERY_ACTIVE,Fitbit App
2025-09-09T13:27:31Z,LIGHTLY_ACTIVE,Fitbit App
2025-09-09T13:28:31Z,LIGHTLY_ACTIVE,Fitbit App
2025-09-09T13:29:31Z,LIGHTLY_ACTIVE,Fitbit App
2025-09-09T13:35:31Z,LIGHTLY_ACTIVE,Fitbit App
2025-09-09T13:36:31Z,LIGHTLY_ACTIVE,Fitbit App
2025-09-09T13:37:31Z,VERY_ACTIVE,Fitbit App
2025-09-09T13:38:31Z,VERY_ACTIVE,Fitbit App
2025-09-09T13:39:31Z,LIGHTLY_ACTIVE,Fitbit App
2025-09-09T13:40:31Z,MODERATELY_ACTIVE,Fitbit App
2025-09-09T13:41:31Z,MODERATELY_ACTIVE,Fitbit App
2025-09-09T13:42:31Z,MODERATELY_ACTIVE,Fitbit App
2025-09-09T13:43:31Z,LIGHTLY_ACTIVE,Fitbit App
2025-09-09T13:44:31Z,VERY_ACTIVE,Fitbit App
2025-09-09T13:45:31Z,MODERATELY_ACTIVE,Fitbit App
2025-09-09T15:14:31Z,LIGHTLY_ACTIVE,Fitbit App
2025-09-09T15:15:31Z,MODERATELY_ACTIVE,Fitbit App
2025-09-09T15:16:31Z,MODERATELY_ACTIVE,Fitbit App
2025-09-09T15:17:31Z,LIGHTLY_ACTIVE,Fitbit App
2025-09-09T15:18:31Z,LIGHTLY_ACTIVE,Fitbit App
2025-09-09T15:19:31Z,LIGHTLY_ACTIVE,Fitbit App
2025-09-09T15:30:31Z,SEDENTARY,Fitbit App
2025-09-09T15:31:31Z,LIGHTLY_ACTIVE,Fitbit App
2025-09-09T15:32:31Z,VERY_ACTIVE,Fitbit App
2025-09-09T15:33:31Z,MODERATELY_ACTIVE,Fitbit App
2025-09-09T15:57:31Z,SEDENTARY,Fitbit App
2025-09-09T15:58:31Z,LIGHTLY_ACTIVE,Fitbit App
2025-09-09T15:59:31Z,LIGHTLY_ACTIVE,Fitbit App
2025-09-09T20:34:31Z,SEDENTARY,Fitbit App
2025-09-09T20:35:31Z,LIGHTLY_ACTIVE,Fitbit App
2025-09-09T20:36:31Z,VERY_ACTIVE,Fitbit App
2025-09-09T20:37:31Z,VERY_ACTIVE,Fitbit App
2025-09-09T20:38:31Z,VERY_ACTIVE,Fitbit App
2025-09-09T20:40:31Z,LIGHTLY_ACTIVE,Fitbit App
2025-09-09T20:41:31Z,MODERATELY_ACTIVE,Fitbit App
2025-09-09T20:42:31Z,VERY_ACTIVE,Fitbit App
2025-09-09T20:43:31Z,VERY_ACTIVE,Fitbit App
2025-09-09T20:44:31Z,LIGHTLY_ACTIVE,Fitbit App
2025-09-10T03:14:31Z,SEDENTARY,Fitbit App
2025-09-10T03:15:31Z,LIGHTLY_ACTIVE,Fitbit App
2025-09-10T03:16:31Z,VERY_ACTIVE,Fitbit App
2025-09-10T03:17:31Z,MODERATELY_ACTIVE,Fitbit App
2025-09-10T03:18:31Z,LIGHTLY_ACTIVE,Fitbit App
2025-09-10T03:19:31Z,LIGHTLY_ACTIVE,Fitbit App
2025-09-10T03:27:31Z,LIGHTLY_ACTIVE,Fitbit App
2025-09-10T03:28:31Z,MODERATELY_ACTIVE,Fitbit App
2025-09-10T03:29:31Z,MODERATELY_ACTIVE,Fitbit App
2025-09-10T03:30:31Z,MODERATELY_ACTIVE,Fitbit App
2025-09-10T04:07:31Z,LIGHTLY_ACTIVE,Fitbit App
2025-09-10T04:08:31Z,LIGHTLY_ACTIVE,Fitbit App
2025-09-10T04:44:31Z,SEDENTARY,Fitbit App
2025-09-10T04:45:31Z,LIGHTLY_ACTIVE,Fitbit App
2025-09-10T04:46:31Z,VERY_ACTIVE,Fitbit App
2025-09-10T04:47:31Z,VERY_ACTIVE,Fitbit App
2025-09-10T04:48:31Z,VERY_ACTIVE,Fitbit App
2025-09-10T04:49:31Z,VERY_ACTIVE,Fitbit App
2025-09-10T04:50:31Z,LIGHTLY_ACTIVE,Fitbit App
2025-09-10T04:51:31Z,SEDENTARY,Fitbit App
2025-09-10T04:52:31Z,LIGHTLY_ACTIVE,Fitbit App
2025-09-10T05:05:31Z,SEDENTARY,Fitbit App
2025-09-10T05:06:31Z,LIGHTLY_ACTIVE,Fitbit App
2025-09-10T05:07:31Z,VERY_ACTIVE,Fitbit App
2025-09-10T05:08:31Z,MODERATELY_ACTIVE,Fitbit App
2025-09-10T05:09:31Z,VERY_ACTIVE,Fitbit App
2025-09-10T05:10:31Z,MODERATELY_ACTIVE,Fitbit App
2025-09-10T08:15:31Z,SEDENTARY,Fitbit App
2025-09-10T08:16:31Z,LIGHTLY_ACTIVE,Fitbit App
2025-09-10T08:17:31Z,VERY_ACTIVE,Fitbit App
2025-09-10T08:18:31Z,MODERATELY_ACTIVE,Fitbit App
2025-09-10T08:20:31Z,LIGHTLY_ACTIVE,Fitbit App
2025-09-10T08:21:31Z,LIGHTLY_ACTIVE,Fitbit App
2025-09-10T08:27:31Z,LIGHTLY_ACTIVE,Fitbit App
2025-09-10T08:28:31Z,MODERATELY_ACTIVE,Fitbit App
2025-09-10T08:29:31Z,MODERATELY_ACTIVE,Fitbit App
2025-09-10T08:30:31Z,VERY_ACTIVE,Fitbit App
2025-09-10T08:31:31Z,LIGHTLY_ACTIVE,Fitbit App
2025-09-10T10:06:31Z,LIGHTLY_ACTIVE,Fitbit App
2025-09-10T10:07:31Z,VERY_ACTIVE,Fitbit App
2025-09-10T10:08:31Z,VERY_ACTIVE,Fitbit App
2025-09-10T10:09:31Z,VERY_ACTIVE,Fitbit App
2025-09-10T10:10:31Z,VERY_ACTIVE,Fitbit App
2025-09-10T10:11:31Z,MODERATELY_ACTIVE,Fitbit App
2025-09-10T11:13:31Z,LIGHTLY_ACTIVE,Fitbit App
2025-09-10T11:14:31Z,LIGHTLY_ACTIVE,Fitbit App
2025-09-10T11:15:31Z,VERY_ACTIVE,Fitbit App
2025-09-10T11:16:31Z,MODERATELY_ACTIVE,Fitbit App
2025-09-10T11:17:31Z,MODERATELY_ACTIVE,Fitbit App
2025-09-10T11:18:31Z,LIGHTLY_ACTIVE,Fitbit App
2025-09-10T11:19:31Z,LIGHTLY_ACTIVE,Fitbit App
2025-09-10T11:25:31Z,LIGHTLY_ACTIVE,Fitbit App
2025-09-10T11:26:31Z,MODERATELY_ACTIVE,Fitbit App
2025-09-10T11:27:31Z,VERY_ACTIVE,Fitbit App
2025-09-10T11:28:31Z,LIGHTLY_ACTIVE,Fitbit App
2025-09-10T11:29:31Z,LIGHTLY_ACTIVE,Fitbit App
2025-09-10T11:30:31Z,LIGHTLY_ACTIVE,Fitbit App
2025-09-10T11:31:31Z,MODERATELY_ACTIVE,Fitbit App
2025-09-10T11:32:31Z,MODERATELY_ACTIVE,Fitbit App
2025-09-10T11:33:31Z,VERY_ACTIVE,Fitbit App
2025-09-10T11:34:31Z,MODERATELY_ACTIVE,Fitbit App
2025-09-10T11:35:31Z,MODERATELY_ACTIVE,Fitbit App
2025-09-10T11:36:31Z,MODERATELY_ACTIVE,Fitbit App
2025-09-10T11:37:31Z,MODERATELY_ACTIVE,Fitbit App
2025-09-10T11:38:31Z,LIGHTLY_ACTIVE,Fitbit App
2025-09-10T11:39:31Z,LIGHTLY_ACTIVE,Fitbit App
2025-09-10T11:40:31Z,MODERATELY_ACTIVE,Fitbit App
2025-09-10T11:41:31Z,LIGHTLY_ACTIVE,Fitbit App
2025-09-10T11:42:31Z,MODERATELY_ACTIVE,Fitbit App
2025-09-10T11:43:31Z,MODERATELY_ACTIVE,Fitbit App
2025-09-10T11:44:31Z,MODERATELY_ACTIVE,Fitbit App
2025-09-10T11:45:31Z,MODERATELY_ACTIVE,Fitbit App
2025-09-10T11:46:31Z,MODERATELY_ACTIVE,Fitbit App
2025-09-10T11:47:31Z,VERY_ACTIVE,Fitbit App
2025-09-10T11:48:31Z,VERY_ACTIVE,Fitbit App
2025-09-10T11:49:31Z,MODERATELY_ACTIVE,Fitbit App
2025-09-10T11:50:31Z,VERY_ACTIVE,Fitbit App
2025-09-10T13:07:31Z,LIGHTLY_ACTIVE,Fitbit App
2025-09-10T13:08:31Z,MODERATELY_ACTIVE,Fitbit App
2025-09-10T13:09:31Z,VERY_ACTIVE,Fitbit App
2025-09-10T13:10:31Z,LIGHTLY_ACTIVE,Fitbit App
2025-09-10T13:11:31Z,MODERATELY_ACTIVE,Fitbit App
2025-09-10T13:12:31Z,VERY_ACTIVE,Fitbit App
2025-09-10T13:13:31Z,VERY_ACTIVE,Fitbit App
2025-09-10T13:14:31Z,VERY_ACTIVE,Fitbit App
2025-09-10T13:15:31Z,MODERATELY_ACTIVE,Fitbit App
2025-09-10T13:16:31Z,MODERATELY_ACTIVE,Fitbit App
2025-09-10T13:17:31Z,SEDENTARY,Fitbit App
2025-09-10T13:18:31Z,LIGHTLY_ACTIVE,Fitbit App
2025-09-10T13:19:31Z,MODERATELY_ACTIVE,Fitbit App
2025-09-10T13:20:31Z,LIGHTLY_ACTIVE,Fitbit App
2025-09-10T13:28:31Z,LIGHTLY_ACTIVE,Fitbit App
2025-09-10T13:29:31Z,LIGHTLY_ACTIVE,Fitbit App
2025-09-10T13:30:31Z,LIGHTLY_ACTIVE,Fitbit App
2025-09-10T13:34:31Z,SEDENTARY,Fitbit App
2025-09-10T13:35:31Z,LIGHTLY_ACTIVE,Fitbit App
2025-09-10T13:36:31Z,VERY_ACTIVE,Fitbit App
2025-09-10T13:37:31Z,VERY_ACTIVE,Fitbit App
2025-09-10T13:38:31Z,MODERATELY_ACTIVE,Fitbit App
2025-09-10T13:39:31Z,VERY_ACTIVE,Fitbit App
2025-09-10T13:40:31Z,VERY_ACTIVE,Fitbit App
2025-09-10T13:41:31Z,VERY_ACTIVE,Fitbit App
2025-09-10T13:42:31Z,LIGHTLY_ACTIVE,Fitbit App
2025-09-10T13:43:31Z,VERY_ACTIVE,Fitbit App
2025-09-10T13:44:31Z,LIGHTLY_ACTIVE,Fitbit App
2025-09-10T14:57:31Z,SEDENTARY,Fitbit App
2025-09-10T14:58:31Z,LIGHTLY_ACTIVE,Fitbit App
2025-09-10T14:59:31Z,VERY_ACTIVE,Fitbit App
2025-09-10T15:00:31Z,MODERATELY_ACTIVE,Fitbit App
2025-09-10T15:01:31Z,LIGHTLY_ACTIVE,Fitbit App
2025-09-10T15:02:31Z,LIGHTLY_ACTIVE,Fitbit App
2025-09-10T15:15:31Z,SEDENTARY,Fitbit App
2025-09-10T15:16:31Z,LIGHTLY_ACTIVE,Fitbit App
2025-09-10T15:17:31Z,MODERATELY_ACTIVE,Fitbit App
2025-09-10T15:18:31Z,VERY_ACTIVE,Fitbit App
2025-09-10T15:19:31Z,LIGHTLY_ACTIVE,Fitbit App
2025-09-10T19:52:31Z,SEDENTARY,Fitbit App
2025-09-10T19:53:31Z,LIGHTLY_ACTIVE,Fitbit App
2025-09-10T19:54:31Z,VERY_ACTIVE,Fitbit App
2025-09-10T19:55:31Z,VERY_ACTIVE,Fitbit App
2025-09-10T19:56:31Z,LIGHTLY_ACTIVE,Fitbit App
2025-09-10T19:57:31Z,LIGHTLY_ACTIVE,Fitbit App
2025-09-10T19:58:31Z,VERY_ACTIVE,Fitbit App
2025-09-10T19:59:31Z,VERY_ACTIVE,Fitbit App
2025-09-10T20:00:31Z,LIGHTLY_ACTIVE,Fitbit App
2025-09-11T02:36:31Z,LIGHTLY_ACTIVE,Fitbit App
2025-09-11T02:37:31Z,MODERATELY_ACTIVE,Fitbit App
2025-09-11T02:38:31Z,MODERATELY_ACTIVE,Fitbit App
2025-09-11T02:39:31Z,LIGHTLY_ACTIVE,Fitbit App
2025-09-11T02:47:31Z,LIGHTLY_ACTIVE,Fitbit App
2025-09-11T02:48:31Z,MODERATELY_ACTIVE,Fitbit App
2025-09-11T02:49:31Z,VERY_ACTIVE,Fitbit App
2025-09-11T02:50:31Z,LIGHTLY_ACTIVE,Fitbit App
2025-09-11T08:34:31Z,LIGHTLY_ACTIVE,Fitbit App
2025-09-11T08:35:31Z,VERY_ACTIVE,Fitbit App
2025-09-11T08:36:31Z,VERY_ACTIVE,Fitbit App
2025-09-11T08:37:31Z,VERY_ACTIVE,Fitbit App
2025-09-11T08:38:31Z,VERY_ACTIVE,Fitbit App
2025-09-11T08:39:31Z,VERY_ACTIVE,Fitbit App
2025-09-11T08:40:31Z,VERY_ACTIVE,Fitbit App
2025-09-11T08:41:31Z,VERY_ACTIVE,Fitbit App
2025-09-11T08:42:31Z,VERY_ACTIVE,Fitbit App
2025-09-11T08:43:31Z,MODERATELY_ACTIVE,Fitbit App
2025-09-11T08:44:31Z,LIGHTLY_ACTIVE,Fitbit App
2025-09-11T08:45:31Z,LIGHTLY_ACTIVE,Fitbit App
2025-09-11T08:46:31Z,LIGHTLY_ACTIVE,Fitbit App
2025-09-11T08:47:31Z,LIGHTLY_ACTIVE,Fitbit App
2025-09-11T08:49:31Z,LIGHTLY_ACTIVE,Fitbit App
2025-09-11T08:50:31Z,LIGHTLY_ACTIVE,Fitbit App
2025-09-11T08:55:31Z,SEDENTARY,Fitbit App
2025-09-11T08:56:31Z,LIGHTLY_ACTIVE,Fitbit App
2025-09-11T08:57:31Z,LIGHTLY_ACTIVE,Fitbit App
2025-09-11T08:58:31Z,LIGHTLY_ACTIVE,Fitbit App
2025-09-11T08:59:31Z,LIGHTLY_ACTIVE,Fitbit App
2025-09-11T09:02:31Z,LIGHTLY_ACTIVE,Fitbit App
2025-09-11T09:03:31Z,LIGHTLY_ACTIVE,Fitbit App
2025-09-11T09:15:31Z,LIGHTLY_ACTIVE,Fitbit App
2025-09-11T09:16:31Z,LIGHTLY_ACTIVE,Fitbit App
2025-09-11T09:18:31Z,LIGHTLY_ACTIVE,Fitbit App
2025-09-11T09:19:31Z,LIGHTLY_ACTIVE,Fitbit App
2025-09-11T09:20:31Z,LIGHTLY_ACTIVE,Fitbit App
2025-09-11T10:05:31Z,LIGHTLY_ACTIVE,Fitbit App
2025-09-11T10:06:31Z,LIGHTLY_ACTIVE,Fitbit App
2025-09-11T10:14:31Z,LIGHTLY_ACTIVE,Fitbit App
2025-09-11T10:15:31Z,LIGHTLY_ACTIVE,Fitbit App
2025-09-11T10:16:31Z,LIGHTLY_ACTIVE,Fitbit App
2025-09-11T10:44:31Z,SEDENTARY,Fitbit App
2025-09-11T10:45:31Z,LIGHTLY_ACTIVE,Fitbit App
2025-09-11T10:46:31Z,LIGHTLY_ACTIVE,Fitbit App
2025-09-11T11:02:31Z,SEDENTARY,Fitbit App
2025-09-11T11:03:31Z,LIGHTLY_ACTIVE,Fitbit App
2025-09-11T11:04:31Z,LIGHTLY_ACTIVE,Fitbit App
2025-09-11T11:06:31Z,LIGHTLY_ACTIVE,Fitbit App
2025-09-11T11:07:31Z,LIGHTLY_ACTIVE,Fitbit App
2025-09-11T11:08:31Z,LIGHTLY_ACTIVE,Fitbit App
2025-09-11T11:09:31Z,LIGHTLY_ACTIVE,Fitbit App
2025-09-11T11:10:31Z,MODERATELY_ACTIVE,Fitbit App
2025-09-11T11:11:31Z,LIGHTLY_ACTIVE,Fitbit App
2025-09-11T11:12:31Z,LIGHTLY_ACTIVE,Fitbit App
2025-09-11T11:13:31Z,LIGHTLY_ACTIVE,Fitbit App
2025-09-11T11:14:31Z,LIGHTLY_ACTIVE,Fitbit App
2025-09-11T11:15:31Z,SEDENTARY,Fitbit App
2025-09-11T11:16:31Z,LIGHTLY_ACTIVE,Fitbit App
2025-09-11T11:17:31Z,LIGHTLY_ACTIVE,Fitbit App
2025-09-11T11:18:31Z,LIGHTLY_ACTIVE,Fitbit App
2025-09-11T11:19:31Z,MODERATELY_ACTIVE,Fitbit App
2025-09-11T11:20:31Z,VERY_ACTIVE,Fitbit App
2025-09-11T11:21:31Z,VERY_ACTIVE,Fitbit App
2025-09-11T11:22:31Z,MODERATELY_ACTIVE,Fitbit App
2025-09-11T11:23:31Z,LIGHTLY_ACTIVE,Fitbit App
2025-09-11T11:24:31Z,MODERATELY_ACTIVE,Fitbit App
2025-09-11T11:25:31Z,VERY_ACTIVE,Fitbit App
2025-09-11T11:26:31Z,MODERATELY_ACTIVE,Fitbit App
2025-09-11T11:27:31Z,LIGHTLY_ACTIVE,Fitbit App
2025-09-11T11:28:31Z,VERY_ACTIVE,Fitbit App
2025-09-11T11:29:31Z,LIGHTLY_ACTIVE,Fitbit App
2025-09-11T11:30:31Z,LIGHTLY_ACTIVE,Fitbit App
2025-09-11T11:31:31Z,LIGHTLY_ACTIVE,Fitbit App
2025-09-11T11:32:31Z,LIGHTLY_ACTIVE,Fitbit App
2025-09-11T11:36:31Z,LIGHTLY_ACTIVE,Fitbit App
2025-09-11T11:37:31Z,LIGHTLY_ACTIVE,Fitbit App
2025-09-11T11:45:31Z,SEDENTARY,Fitbit App
2025-09-11T11:46:31Z,LIGHTLY_ACTIVE,Fitbit App
2025-09-11T11:47:31Z,VERY_ACTIVE,Fitbit App
2025-09-11T11:48:31Z,MODERATELY_ACTIVE,Fitbit App
2025-09-11T11:49:31Z,MODERATELY_ACTIVE,Fitbit App
2025-09-11T11:50:31Z,VERY_ACTIVE,Fitbit App
2025-09-11T11:51:31Z,VERY_ACTIVE,Fitbit App
2025-09-11T11:52:31Z,VERY_ACTIVE,Fitbit App
2025-09-11T11:53:31Z,VERY_ACTIVE,Fitbit App
2025-09-11T11:54:31Z,VERY_ACTIVE,Fitbit App
2025-09-11T11:55:31Z,VERY_ACTIVE,Fitbit App
2025-09-11T11:56:58Z,VERY_ACTIVE,Fitbit App
2025-09-11T11:57:58Z,VERY_ACTIVE,Fitbit App
2025-09-11T11:58:58Z,MODERATELY_ACTIVE,Fitbit App
2025-09-11T11:59:58Z,VERY_ACTIVE,Fitbit App
2025-09-11T12:00:58Z,VERY_ACTIVE,Fitbit App
2025-09-11T12:01:58Z,MODERATELY_ACTIVE,Fitbit App
2025-09-11T12:02:58Z,LIGHTLY_ACTIVE,Fitbit App
2025-09-11T12:03:58Z,VERY_ACTIVE,Fitbit App
2025-09-11T12:04:58Z,LIGHTLY_ACTIVE,Fitbit App
2025-09-11T12:05:58Z,SEDENTARY,Fitbit App
2025-09-11T12:06:58Z,LIGHTLY_ACTIVE,Fitbit App
2025-09-11T12:07:58Z,VERY_ACTIVE,Fitbit App
2025-09-11T12:08:58Z,LIGHTLY_ACTIVE,Fitbit App
2025-09-11T12:23:58Z,LIGHTLY_ACTIVE,Fitbit App
2025-09-11T12:24:58Z,LIGHTLY_ACTIVE,Fitbit App
2025-09-11T12:25:58Z,LIGHTLY_ACTIVE,Fitbit App
2025-09-11T12:26:58Z,LIGHTLY_ACTIVE,Fitbit App
2025-09-11T12:27:58Z,MODERATELY_ACTIVE,Fitbit App
2025-09-11T12:28:58Z,VERY_ACTIVE,Fitbit App
2025-09-11T12:57:58Z,LIGHTLY_ACTIVE,Fitbit App
2025-09-11T12:58:58Z,MODERATELY_ACTIVE,Fitbit App
2025-09-11T12:59:58Z,VERY_ACTIVE,Fitbit App
2025-09-11T13:00:58Z,MODERATELY_ACTIVE,Fitbit App
2025-09-11T13:01:58Z,MODERATELY_ACTIVE,Fitbit App
2025-09-11T13:02:58Z,VERY_ACTIVE,Fitbit App
2025-09-11T13:03:58Z,VERY_ACTIVE,Fitbit App
2025-09-11T13:04:58Z,VERY_ACTIVE,Fitbit App
2025-09-11T13:05:58Z,MODERATELY_ACTIVE,Fitbit App
2025-09-11T13:08:58Z,LIGHTLY_ACTIVE,Fitbit App
2025-09-11T13:09:58Z,LIGHTLY_ACTIVE,Fitbit App
2025-09-11T13:10:58Z,MODERATELY_ACTIVE,Fitbit App
2025-09-11T13:11:58Z,MODERATELY_ACTIVE,Fitbit App
2025-09-11T13:12:58Z,MODERATELY_ACTIVE,Fitbit App
2025-09-11T13:13:58Z,LIGHTLY_ACTIVE,Fitbit App
2025-09-11T13:14:58Z,LIGHTLY_ACTIVE,Fitbit App
2025-09-11T13:59:58Z,LIGHTLY_ACTIVE,Fitbit App
2025-09-11T14:00:58Z,LIGHTLY_ACTIVE,Fitbit App
2025-09-11T14:49:58Z,LIGHTLY_ACTIVE,Fitbit App
2025-09-11T14:50:58Z,LIGHTLY_ACTIVE,Fitbit App
2025-09-11T15:15:58Z,LIGHTLY_ACTIVE,Fitbit App
2025-09-11T15:16:58Z,LIGHTLY_ACTIVE,Fitbit App
2025-09-11T18:38:58Z,SEDENTARY,Fitbit App
2025-09-11T18:39:58Z,LIGHTLY_ACTIVE,Fitbit App
2025-09-12T01:32:58Z,LIGHTLY_ACTIVE,Fitbit App
2025-09-12T01:33:58Z,LIGHTLY_ACTIVE,Fitbit App
2025-09-12T05:16:58Z,LIGHTLY_ACTIVE,Fitbit App
2025-09-12T05:17:58Z,LIGHTLY_ACTIVE,Fitbit App
2025-09-12T05:18:58Z,MODERATELY_ACTIVE,Fitbit App
2025-09-12T05:19:58Z,MODERATELY_ACTIVE,Fitbit App
2025-09-12T05:20:58Z,MODERATELY_ACTIVE,Fitbit App
2025-09-12T05:21:58Z,MODERATELY_ACTIVE,Fitbit App
2025-09-12T05:22:58Z,LIGHTLY_ACTIVE,Fitbit App
2025-09-12T05:27:58Z,LIGHTLY_ACTIVE,Fitbit App
2025-09-12T05:28:58Z,LIGHTLY_ACTIVE,Fitbit App
2025-09-12T05:29:58Z,VERY_ACTIVE,Fitbit App
2025-09-12T05:30:58Z,MODERATELY_ACTIVE,Fitbit App
2025-09-12T09:02:58Z,LIGHTLY_ACTIVE,Fitbit App
2025-09-12T09:03:58Z,LIGHTLY_ACTIVE,Fitbit App
2025-09-12T11:07:58Z,LIGHTLY_ACTIVE,Fitbit App
2025-09-12T11:08:58Z,LIGHTLY_ACTIVE,Fitbit App
2025-09-12T11:09:58Z,LIGHTLY_ACTIVE,Fitbit App
2025-09-12T11:10:58Z,SEDENTARY,Fitbit App
2025-09-12T11:11:58Z,LIGHTLY_ACTIVE,Fitbit App
2025-09-12T11:12:58Z,LIGHTLY_ACTIVE,Fitbit App
2025-09-12T11:13:58Z,LIGHTLY_ACTIVE,Fitbit App
2025-09-12T11:14:58Z,VERY_ACTIVE,Fitbit App
2025-09-12T11:15:58Z,VERY_ACTIVE,Fitbit App
2025-09-12T11:16:58Z,MODERATELY_ACTIVE,Fitbit App
2025-09-12T11:17:58Z,LIGHTLY_ACTIVE,Fitbit App
2025-09-12T11:18:58Z,MODERATELY_ACTIVE,Fitbit App
2025-09-12T11:19:58Z,MODERATELY_ACTIVE,Fitbit App
2025-09-12T11:20:58Z,MODERATELY_ACTIVE,Fitbit App
2025-09-12T11:21:58Z,MODERATELY_ACTIVE,Fitbit App
2025-09-12T11:22:58Z,MODERATELY_ACTIVE,Fitbit App
2025-09-12T11:23:58Z,LIGHTLY_ACTIVE,Fitbit App
2025-09-12T11:24:58Z,MODERATELY_ACTIVE,Fitbit App
2025-09-12T11:25:58Z,MODERATELY_ACTIVE,Fitbit App
2025-09-12T11:26:58Z,MODERATELY_ACTIVE,Fitbit App
2025-09-12T11:27:58Z,MODERATELY_ACTIVE,Fitbit App
2025-09-12T11:28:58Z,MODERATELY_ACTIVE,Fitbit App
2025-09-12T11:29:58Z,LIGHTLY_ACTIVE,Fitbit App
2025-09-12T11:30:41Z,MODERATELY_ACTIVE,Fitbit App
2025-09-12T11:31:41Z,MODERATELY_ACTIVE,Fitbit App
2025-09-12T11:32:41Z,MODERATELY_ACTIVE,Fitbit App
2025-09-12T11:33:41Z,MODERATELY_ACTIVE,Fitbit App
2025-09-12T11:34:41Z,MODERATELY_ACTIVE,Fitbit App
2025-09-12T11:35:41Z,LIGHTLY_ACTIVE,Fitbit App
2025-09-12T11:36:41Z,LIGHTLY_ACTIVE,Fitbit App
2025-09-12T11:37:41Z,LIGHTLY_ACTIVE,Fitbit App
2025-09-12T11:38:41Z,MODERATELY_ACTIVE,Fitbit App
2025-09-12T11:39:41Z,LIGHTLY_ACTIVE,Fitbit App
2025-09-12T12:41:41Z,LIGHTLY_ACTIVE,Fitbit App
2025-09-12T12:42:41Z,MODERATELY_ACTIVE,Fitbit App
2025-09-12T12:43:41Z,MODERATELY_ACTIVE,Fitbit App
2025-09-12T12:44:41Z,MODERATELY_ACTIVE,Fitbit App
2025-09-12T12:50:41Z,LIGHTLY_ACTIVE,Fitbit App
2025-09-12T12:51:41Z,MODERATELY_ACTIVE,Fitbit App
2025-09-12T12:52:41Z,MODERATELY_ACTIVE,Fitbit App
2025-09-12T13:17:41Z,LIGHTLY_ACTIVE,Fitbit App
2025-09-12T13:18:41Z,LIGHTLY_ACTIVE,Fitbit App
2025-09-12T13:19:41Z,MODERATELY_ACTIVE,Fitbit App
2025-09-12T13:20:41Z,MODERATELY_ACTIVE,Fitbit App
2025-09-12T13:21:41Z,LIGHTLY_ACTIVE,Fitbit App
2025-09-12T13:22:41Z,MODERATELY_ACTIVE,Fitbit App
2025-09-12T13:23:41Z,LIGHTLY_ACTIVE,Fitbit App
2025-09-12T13:24:41Z,LIGHTLY_ACTIVE,Fitbit App
2025-09-12T13:26:41Z,LIGHTLY_ACTIVE,Fitbit App
2025-09-12T13:27:41Z,MODERATELY_ACTIVE,Fitbit App
2025-09-12T13:28:41Z,LIGHTLY_ACTIVE,Fitbit App
2025-09-12T13:29:41Z,MODERATELY_ACTIVE,Fitbit App
2025-09-12T13:30:41Z,MODERATELY_ACTIVE,Fitbit App
2025-09-12T13:46:41Z,LIGHTLY_ACTIVE,Fitbit App
2025-09-12T13:47:41Z,MODERATELY_ACTIVE,Fitbit App
2025-09-12T13:48:41Z,MODERATELY_ACTIVE,Fitbit App
2025-09-12T13:50:41Z,LIGHTLY_ACTIVE,Fitbit App
2025-09-12T13:51:41Z,MODERATELY_ACTIVE,Fitbit App
2025-09-12T13:52:41Z,MODERATELY_ACTIVE,Fitbit App
2025-09-12T13:53:41Z,VERY_ACTIVE,Fitbit App
2025-09-12T13:54:41Z,MODERATELY_ACTIVE,Fitbit App
2025-09-12T13:55:41Z,VERY_ACTIVE,Fitbit App
2025-09-12T13:56:41Z,VERY_ACTIVE,Fitbit App
2025-09-12T13:57:41Z,MODERATELY_ACTIVE,Fitbit App
2025-09-12T13:58:41Z,LIGHTLY_ACTIVE,Fitbit App
2025-09-12T13:59:41Z,VERY_ACTIVE,Fitbit App
2025-09-12T14:00:41Z,LIGHTLY_ACTIVE,Fitbit App
2025-09-12T14:01:41Z,LIGHTLY_ACTIVE,Fitbit App
2025-09-12T14:02:41Z,VERY_ACTIVE,Fitbit App
2025-09-12T14:03:41Z,MODERATELY_ACTIVE,Fitbit App
2025-09-12T14:04:41Z,VERY_ACTIVE,Fitbit App
2025-09-12T14:05:41Z,VERY_ACTIVE,Fitbit App
2025-09-12T14:06:41Z,VERY_ACTIVE,Fitbit App
2025-09-12T14:07:41Z,VERY_ACTIVE,Fitbit App
2025-09-12T14:08:41Z,MODERATELY_ACTIVE,Fitbit App
2025-09-12T14:09:41Z,VERY_ACTIVE,Fitbit App
2025-09-12T14:10:41Z,VERY_ACTIVE,Fitbit App
2025-09-12T14:11:41Z,VERY_ACTIVE,Fitbit App
2025-09-12T14:12:41Z,LIGHTLY_ACTIVE,Fitbit App
2025-09-12T14:13:41Z,LIGHTLY_ACTIVE,Fitbit App
2025-09-12T14:14:41Z,LIGHTLY_ACTIVE,Fitbit App
2025-09-12T14:15:41Z,LIGHTLY_ACTIVE,Fitbit App
2025-09-12T14:16:41Z,LIGHTLY_ACTIVE,Fitbit App
2025-09-12T23:29:41Z,LIGHTLY_ACTIVE,Fitbit App
2025-09-12T23:30:41Z,LIGHTLY_ACTIVE,Fitbit App
2025-09-13T10:41:41Z,SEDENTARY,Fitbit App
2025-09-13T10:42:41Z,LIGHTLY_ACTIVE,Fitbit App
2025-09-13T10:43:41Z,LIGHTLY_ACTIVE,Fitbit App
2025-09-13T10:44:41Z,LIGHTLY_ACTIVE,Fitbit App
2025-09-13T10:45:41Z,LIGHTLY_ACTIVE,Fitbit App
2025-09-13T10:46:41Z,MODERATELY_ACTIVE,Fitbit App
2025-09-13T10:47:41Z,VERY_ACTIVE,Fitbit App
2025-09-13T10:48:41Z,VERY_ACTIVE,Fitbit App
2025-09-13T10:49:41Z,LIGHTLY_ACTIVE,Fitbit App
2025-09-13T10:50:41Z,MODERATELY_ACTIVE,Fitbit App
2025-09-13T10:51:41Z,MODERATELY_ACTIVE,Fitbit App
2025-09-13T10:52:41Z,MODERATELY_ACTIVE,Fitbit App
2025-09-13T10:53:41Z,MODERATELY_ACTIVE,Fitbit App
2025-09-13T10:54:41Z,MODERATELY_ACTIVE,Fitbit App
2025-09-13T10:55:41Z,LIGHTLY_ACTIVE,Fitbit App
2025-09-13T10:56:41Z,VERY_ACTIVE,Fitbit App
2025-09-13T10:57:41Z,SEDENTARY,Fitbit App
2025-09-13T12:27:41Z,SEDENTARY,Fitbit App
2025-09-13T12:28:41Z,LIGHTLY_ACTIVE,Fitbit App
2025-09-13T12:29:41Z,VERY_ACTIVE,Fitbit App
2025-09-13T12:30:41Z,MODERATELY_ACTIVE,Fitbit App
2025-09-13T12:31:41Z,LIGHTLY_ACTIVE,Fitbit App
2025-09-13T12:42:41Z,SEDENTARY,Fitbit App
2025-09-13T12:43:41Z,LIGHTLY_ACTIVE,Fitbit App
2025-09-13T12:44:41Z,LIGHTLY_ACTIVE,Fitbit App
2025-09-13T12:49:41Z,LIGHTLY_ACTIVE,Fitbit App
2025-09-13T12:50:41Z,MODERATELY_ACTIVE,Fitbit App
2025-09-13T12:51:41Z,VERY_ACTIVE,Fitbit App
2025-09-13T12:52:41Z,MODERATELY_ACTIVE,Fitbit App
2025-09-13T15:29:41Z,LIGHTLY_ACTIVE,Fitbit App
2025-09-13T15:30:41Z,LIGHTLY_ACTIVE,Fitbit App
2025-09-13T15:31:41Z,MODERATELY_ACTIVE,Fitbit App
2025-09-13T15:32:41Z,VERY_ACTIVE,Fitbit App
2025-09-13T15:33:41Z,MODERATELY_ACTIVE,Fitbit App
2025-09-13T15:34:41Z,LIGHTLY_ACTIVE,Fitbit App
2025-09-13T15:35:41Z,LIGHTLY_ACTIVE,Fitbit App
2025-09-13T15:42:41Z,SEDENTARY,Fitbit App
2025-09-13T15:43:41Z,LIGHTLY_ACTIVE,Fitbit App
2025-09-13T15:44:41Z,MODERATELY_ACTIVE,Fitbit App
2025-09-13T15:45:41Z,VERY_ACTIVE,Fitbit App
2025-09-13T15:46:41Z,LIGHTLY_ACTIVE,Fitbit App
2025-09-14T08:29:41Z,SEDENTARY,Fitbit App
2025-09-14T08:30:41Z,LIGHTLY_ACTIVE,Fitbit App
2025-09-14T08:31:41Z,VERY_ACTIVE,Fitbit App
2025-09-14T08:32:41Z,MODERATELY_ACTIVE,Fitbit App
2025-09-14T08:35:41Z,LIGHTLY_ACTIVE,Fitbit App
2025-09-14T08:36:41Z,LIGHTLY_ACTIVE,Fitbit App
2025-09-14T08:47:41Z,LIGHTLY_ACTIVE,Fitbit App
2025-09-14T08:48:41Z,MODERATELY_ACTIVE,Fitbit App
2025-09-14T08:49:41Z,VERY_ACTIVE,Fitbit App
2025-09-14T08:50:41Z,MODERATELY_ACTIVE,Fitbit App
2025-09-14T11:01:41Z,LIGHTLY_ACTIVE,Fitbit App
2025-09-14T11:02:41Z,MODERATELY_ACTIVE,Fitbit App
2025-09-14T11:03:41Z,VERY_ACTIVE,Fitbit App
2025-09-14T11:05:41Z,LIGHTLY_ACTIVE,Fitbit App
2025-09-14T11:06:41Z,VERY_ACTIVE,Fitbit App
2025-09-14T11:07:41Z,LIGHTLY_ACTIVE,Fitbit App
2025-09-14T11:08:41Z,MODERATELY_ACTIVE,Fitbit App
2025-09-14T11:17:41Z,LIGHTLY_ACTIVE,Fitbit App
2025-09-14T11:18:41Z,LIGHTLY_ACTIVE,Fitbit App
2025-09-14T11:19:41Z,VERY_ACTIVE,Fitbit App
2025-09-14T11:20:41Z,VERY_ACTIVE,Fitbit App
2025-09-14T11:21:41Z,VERY_ACTIVE,Fitbit App
2025-09-14T11:22:41Z,MODERATELY_ACTIVE,Fitbit App
2025-09-14T11:23:41Z,LIGHTLY_ACTIVE,Fitbit App
2025-09-14T11:24:41Z,MODERATELY_ACTIVE,Fitbit App
2025-09-14T11:25:41Z,LIGHTLY_ACTIVE,Fitbit App
2025-09-14T11:26:41Z,VERY_ACTIVE,Fitbit App
2025-09-14T11:27:41Z,VERY_ACTIVE,Fitbit App
2025-09-14T11:28:41Z,VERY_ACTIVE,Fitbit App
2025-09-14T11:29:41Z,MODERATELY_ACTIVE,Fitbit App
2025-09-14T11:30:41Z,LIGHTLY_ACTIVE,Fitbit App
2025-09-14T11:31:41Z,MODERATELY_ACTIVE,Fitbit App
2025-09-14T12:33:41Z,SEDENTARY,Fitbit App
2025-09-14T12:34:41Z,LIGHTLY_ACTIVE,Fitbit App
2025-09-14T15:11:41Z,SEDENTARY,Fitbit App
2025-09-14T15:12:41Z,LIGHTLY_ACTIVE,Fitbit App
2025-09-14T15:13:41Z,VERY_ACTIVE,Fitbit App
2025-09-14T15:14:41Z,VERY_ACTIVE,Fitbit App
2025-09-14T15:15:41Z,VERY_ACTIVE,Fitbit App
2025-09-14T15:16:41Z,MODERATELY_ACTIVE,Fitbit App
2025-09-14T15:17:41Z,MODERATELY_ACTIVE,Fitbit App
2025-09-14T15:18:41Z,VERY_ACTIVE,Fitbit App
2025-09-14T15:19:41Z,MODERATELY_ACTIVE,Fitbit App
2025-09-14T15:20:41Z,VERY_ACTIVE,Fitbit App
2025-09-14T15:21:41Z,VERY_ACTIVE,Fitbit App
2025-09-14T15:22:41Z,VERY_ACTIVE,Fitbit App
2025-09-14T15:23:41Z,VERY_ACTIVE,Fitbit App
2025-09-14T15:24:41Z,VERY_ACTIVE,Fitbit App
2025-09-14T15:25:41Z,VERY_ACTIVE,Fitbit App
2025-09-14T15:26:41Z,VERY_ACTIVE,Fitbit App
2025-09-14T15:27:41Z,VERY_ACTIVE,Fitbit App
2025-09-14T15:28:41Z,VERY_ACTIVE,Fitbit App
2025-09-14T15:29:41Z,VERY_ACTIVE,Fitbit App
2025-09-14T15:30:41Z,MODERATELY_ACTIVE,Fitbit App
2025-09-14T15:31:41Z,LIGHTLY_ACTIVE,Fitbit App
2025-09-14T15:32:41Z,LIGHTLY_ACTIVE,Fitbit App
2025-09-14T15:33:41Z,SEDENTARY,Fitbit App
2025-09-14T15:34:41Z,LIGHTLY_ACTIVE,Fitbit App
2025-09-14T15:35:41Z,LIGHTLY_ACTIVE,Fitbit App
